date,PRT,ESP,NOR,GRC,SWE,NLD,DNK,DEU,CAN,FIN,LUX,GBR,USA,CHE,AUT,IRL,FRA,ITA,BEL,POL,HUN,KOR,ISR
1991-01-01,9.663279802356596,3.6522913708292846,1.9615583244612549,15.153377061512767,8.23765348889054,0.7424084957240309,0.5535920369477738,0.9391437189595624,4.763595180210749,3.313603283071413,0.898381849080752,6.026188743918743,3.114880746119045,4.323131919080419,1.204419046934449,0.3601824768633928,1.7110245812290805,3.466996337365032,1.8355445987822714,66.92894532262106,19.34758139483733,5.150604843376459,12.101051088990877
1991-02-01,9.147152616892742,2.8798830414712304,1.9481750267967617,15.26862297442116,10.644464085437534,0.44977460409155423,0.6035961399499508,0.9570901161233774,4.113834678476684,3.340675244217654,1.096075205725831,5.426777045313209,2.7934963757630857,4.9884486975453495,1.180312962323951,0.3601824768633928,1.762361043756632,3.4607217242650883,1.939232276016459,52.81530429415352,18.664757545695487,5.854310653970017,11.632268425105044
1991-03-01,9.117929028733275,2.839066496753172,1.4161973642158547,13.953167814682725,8.292133235632782,0.7485679144851067,0.42862911658529246,0.9570901161233774,4.091172699767713,3.1477979293732234,1.392703701940266,5.572523048704509,2.396379350319725,4.660283861085473,1.3745252288549974,0.3601824768633928,1.7109852770004088,3.648631026901324,1.2777258947884649,53.03172594729176,19.53332834611797,6.042343823209715,12.191026704091234
1991-04-01,8.662218156241599,2.8286317515203594,1.7403467566329494,15.632322982105489,8.47843745133774,0.45819976407829,0.5936575957939434,1.1830070398905217,4.091172699767713,3.00643803180433,0.7386521235969594,5.219278390378774,2.3891385078450487,4.69450852744721,1.1683668185955813,0.8471790489753235,1.4620665821477465,3.6448266185761984,0.8806958052648115,48.28776707916691,20.639686275369684,5.383539241463285,12.094321222726348
1991-05-01,8.333147958989475,3.1198753755878537,1.734102127351456,12.680802081190716,8.01114081109684,0.5570420594491834,0.5203523424669827,1.2634936870238593,4.061220367590539,3.1057191083495512,1.046317711013887,4.9705567589122985,2.4520890940094606,5.049904156602485,1.1988478842079235,0.8471790489753235,1.6307221190729684,3.717574234626227,1.206031220045337,46.23334651392247,21.45411142514698,4.55321911554518,11.855399612369558
1991-06-01,8.70085841776347,3.099864226151504,1.560513974277367,12.429655833224047,7.942075214092693,0.8492023207393364,0.9661250838841768,1.7343111069681842,4.159361183718295,2.705902553246113,1.182165039943082,5.113057020016793,2.206313072062974,5.320412047794692,1.6148732220615774,0.8471790489753235,1.8903340766489243,3.7315647898007303,1.596399523289219,47.88206842332954,22.656229703547268,4.700428539141586,13.024667721013751
1991-07-01,8.448128383823585,2.998719369213375,1.3934295577956672,12.324437876241163,7.018297184469514,1.4332494588461833,0.9758268062096827,2.873929887493982,3.8967272039423007,2.5330740888659316,1.617016454641738,4.776356365226359,1.9690790562681446,5.305860052354932,1.472821108925329,1.311211530928293,2.119040028500018,3.8034531628284256,1.784264650308157,44.63853685877969,22.38417745895559,5.041675517448561,14.65436130495871
1991-08-01,7.923206714493427,2.931905628691177,1.560513974277367,11.648834461274479,6.192804209936554,1.2406528773961503,0.12516780949908668,2.5628775122648113,3.889539847072103,2.0259085671531603,1.47541057145457,4.881356911979868,1.3462944378387274,4.761398489796969,1.5500180798319523,1.311211530928293,1.581074853311525,3.4031789524860816,1.5084015875391907,43.14118271936469,19.445284481693925,5.4579997626545955,14.632685210802846
1991-09-01,7.05921831739156,2.69866524565555,1.205258608888116,11.881797332861971,6.142666311055645,1.24313209128358,-0.164981634952162,2.252805492302918,3.395023787741329,1.657910055450011,1.0980182107399576,4.321029557314954,0.9521711196936931,4.480921565050993,1.0116655632207898,1.311211530928293,1.0313882133977095,3.3433462839211074,0.5389486480268078,43.213848667944944,19.326613096202614,5.409169144050472,14.312775636734953
1991-10-01,6.534294954238675,2.4415174266185877,0.38085163137990863,11.383038640702363,5.8637407667031525,1.24397074975123,-0.1132974414361625,3.079072281798296,2.390208687776023,1.6094365011726603,0.2685222228673494,3.9332105138696174,0.49679544648345875,3.962080749419721,0.5586318520566262,1.4557266828391664,1.1055090350622456,2.985810665796958,0.22409719491815228,40.81584588553547,19.237015139806832,5.295375689054247,12.759188318690486
1991-11-01,6.3734987959275475,2.693442324107985,0.38085163137990863,11.628824325877115,5.98264084101563,1.529816835367689,0.3780330574859976,3.7017343385499286,2.1240565081134966,1.7628687700317487,0.4406798132958505,3.746523483614467,0.5630241680182255,4.287328505922632,1.1162696461558124,1.4557266828391664,1.6498516136250188,3.039159867418835,0.8403320845084581,39.52195198145499,18.414344839208194,5.640222381909575,11.647911301580086
1991-12-01,6.20521144845201,2.501997066606042,0.709799296419789,11.684456144409236,5.970235255694046,1.529814804239268,0.38439782511351783,3.7379037126495325,1.7677848713720177,2.374011057355145,0.4791555299788568,3.900964116253586,0.6355649564776886,4.054936334299713,0.9231682949091518,1.4557266828391664,1.3965316479545122,3.0934522344142916,0.7885731487224854,36.615322948298555,17.963525078487407,5.237580529028672,11.595136370377736
1992-01-01,5.779196696407942,2.917613008288243,0.2167826856338988,11.7908609832804,3.4489367041911976,1.2011109358729035,0.16617890523333134,3.677654897170874,-0.34521285427770576,1.32877368953707,0.7828000478583546,3.570930813387935,0.18435935420046157,3.7160397654849735,1.7055808713453384,1.4262029407642447,1.0118835029483733,3.1113703859487156,0.2846282147173449,31.75849674313172,14.862798970563425,3.8301835922079013,10.55528597364971
1992-02-01,5.24833128581297,3.7217407647384446,0.20945042420406113,11.85441750759913,0.7533027093034725,1.5792134787345615,0.3780330574859976,3.7915104799072514,-0.34521285427770576,1.1365897025759226,0.6457150068102306,3.7153101518003164,0.3972956230135747,3.438109514590531,1.9310307492163918,1.4262029407642447,1.1749789989184847,2.8870957270221336,0.2661480907460687,27.152530357057433,13.356300565839394,3.1204814479066405,11.09468925405649
1992-03-01,5.645746749860294,3.7582984144465135,0.3535314661961668,11.949334967889396,0.8614401669704073,1.6488532905838928,0.5910457231825967,4.202179575728155,-0.35090184089460874,1.2622224886443307,0.8587504296533082,3.6844129305878606,0.7528250776793453,3.714242674937312,1.9521407783666316,1.4262029407642447,1.3108654878765882,2.766031928716835,0.7046204127049736,24.918867258753682,12.187029650709977,2.953518536681419,10.895672576408279
1992-04-01,6.462448247344723,3.434277893087999,0.3458380340753746,9.999959823615951,0.542490858326584,1.9278779222048206,0.5314837754468877,4.176694702616952,-0.23135572057184217,1.2875988643099285,1.4017951727671045,2.758084856122817,0.748258713399844,3.6337934657789166,1.8540911426692812,1.3971409274443753,1.2178936971743872,2.7460904575356953,0.7579996661212371,25.956111602422535,10.34810797595106,3.0974504483185266,10.512292518646506
1992-05-01,6.6023792633660445,3.41197683576958,0.3420097406897864,9.833726723199849,0.5101512292564401,1.7321855402469302,0.569112632217565,4.159848462984345,-0.5968033390784957,0.9117506997261033,1.4038635264533843,2.555066878680662,0.5960903670981264,3.056542483916685,2.0697135747490574,1.3971409274443753,1.2231708962426082,2.81602623297786,0.7702008986509776,27.36800459350704,10.926502919374812,3.4264725465943817,8.632625504593129
1992-06-01,6.333553586282072,3.1050576453210175,0.3381936507822485,9.194297621249953,0.3835771185029877,1.25425970959295,0.34919835943922184,3.8561284307369332,-0.8409349785618094,1.3124493891049456,1.4455248116903112,2.049589812518288,0.6588086166821636,3.0432034954379343,1.7953265813956758,1.3971409274443753,0.9223658251945479,2.6123654265043665,0.6383445011016429,24.098607320581277,10.426632904568677,2.9578336435298374,6.981560662595022
1992-07-01,6.306723458966614,2.195759523779249,0.4955500955253105,7.825945774872418,0.23197240035661792,0.6600174132526417,0.2489012369110073,2.9867885999460837,-0.7233869674850137,1.2241741963298454,1.175037390041676,2.064228997304546,0.7256244378445107,2.707238082168944,1.8759774156039715,0.5636200869929904,0.607784686204448,2.414795145995237,0.5484399282963546,25.377968582238783,7.8436516488738945,2.741900901564585,4.403251274407628
1992-08-01,6.097313088863878,2.7326701696473874,0.1805892052356488,9.342990234327814,0.4421121919557578,0.7512380701935575,0.19150396796458313,2.9867885999460837,-0.8435074855527038,1.094771004338761,0.9687661212707459,1.218669474966322,0.7166449629057023,2.449531151851419,1.6683796549162881,0.5636200869929904,0.4369818589137089,2.4010175083661505,0.08577250848306495,27.280577740271273,9.450259596125186,2.097255017080111,3.406585733234703
1992-09-01,5.921250876071095,2.7405315482664436,0.009570285700366998,9.398507581644228,0.8037168048033791,0.7270135474327502,0.019205402987869213,2.9867885999460837,-0.6031219864815764,1.38354746137425,0.8588648675731596,1.2068795183879213,0.5618759355026679,2.3737282795098285,1.6944132944196415,0.5636200869929904,0.5599224400786631,2.111869878027635,0.3259783723608942,28.358318399827038,10.136921545453035,1.8949889902444044,3.2891054097358943
1992-10-01,5.709003035048134,2.1737213111996487,0.1664330629630233,9.874038360966281,0.6163385548566112,0.440330834477062,-0.30673142762019534,1.440732397334094,-0.36401744424021243,1.4402321979635575,1.0466090339100047,1.0294662733220608,0.7694366667611394,2.4304872736140286,1.893478446838051,0.07342397625563946,0.32597238886481383,2.090428600909407,0.17712987262447388,28.01844278343356,11.380087475509146,1.6291738483899403,3.243053836406963
1992-11-01,5.552126407393844,2.085832759182936,0.1664330629630233,9.114429725539337,-0.3288022745581145,0.3426542192463158,-0.5278669515304939,1.4272216171555445,-0.25143758114993386,1.4179758284843453,0.7781157599390225,0.8640402637193847,0.6196863850201826,2.1937098261404824,1.793207943265676,0.07342397625563946,0.0402075887936717,2.148633740079527,0.2364998299711738,26.95896064523698,11.912125663010997,0.6728368611117679,3.493825760876147
1992-12-01,5.339223351805968,2.3309815208739524,0.1664330629630233,8.574158550116168,0.1933576328239326,0.1608585974577883,-0.4703627295269923,1.4227619500777837,0.2299126615735101,0.618211080456736,0.7587401006462917,0.6938790972233657,0.4766833378714228,2.32382568941542,2.048164233825103,0.07342397625563946,0.3109465081071341,2.1358082979357444,0.4023136296719274,25.956156162157146,12.786893448980639,0.751883337522739,4.554388675602906
1993-01-01,5.040400883060327,1.6912470091242957,0.4794223638557864,8.64745639795242,3.0402640518665933,0.3518782777024745,-0.413400465477916,2.5994287788122135,0.10211411942040871,1.158677586354366,1.366657055618357,0.7039121270219719,0.8238560569451412,2.3661905744043192,1.934294443299736,-0.25827594024333367,0.530416122065668,2.018942627923755,0.8369559014593273,22.768605132669325,13.025420658437888,0.802986223946232,5.359769886251854
1993-02-01,4.625990944084803,1.0589283234903144,0.4714348244131199,8.66987223963463,3.278095934911974,0.43316141145558174,-0.6350965568650073,2.8376554749691314,0.45443507226577284,1.2058624685873527,1.6605311017057849,0.6888869598387362,0.8124710173626735,2.294792485149271,1.5635608229204205,-0.25827594024333367,0.452335495491917,1.8206323674628226,0.7747096285242536,24.26354850831792,12.07655771776458,0.8617284755566095,5.804159250359232
1993-03-01,4.074698872483086,1.0488783026136526,0.6061249465329159,10.317830955334967,3.235124421601899,0.32213232291709826,-0.800472455096986,2.688418648665631,-0.022365613901116577,1.0142796990268694,1.535830197339581,0.6740071145616535,0.6574754992361296,2.5341594298023455,1.6745051931119885,-0.25827594024333367,0.6389559851174389,1.7144455598480395,0.9236017286961138,24.36546252267625,11.069153541005782,1.0645360785008533,5.9486013421210195
1993-04-01,3.131349369662175,1.5937032770010449,0.4438710214182078,10.126302229394463,3.4250965016876975,0.3130988767377465,-0.8557602514826916,2.5401936887047567,-0.14191173422388315,0.9390194443193041,1.6034469245006937,0.1677707911168116,0.7921643677938714,2.678209738234221,1.6745051931119885,-1.2137023296619458,0.551780539182777,1.7854041885593102,0.8991706754081372,22.95278082390742,10.632001760819342,1.0390532492909204,4.949909233209716
1993-05-01,2.732568447982377,1.6082010128543809,0.2860177921133027,10.331318835850107,3.122502638401393,0.2212304528265454,-0.9694844977789456,2.39856657288487,-0.026847651122481553,0.9282747774388129,1.321947208676753,-0.16243184674233335,0.7877069633274534,2.473708321303663,1.542242517442796,-1.2137023296619458,0.3664568709941576,1.6801959820822514,0.6866360634335686,20.86644722538814,9.435835818049043,0.7638705654495075,5.77484009149082
1993-06-01,2.5687961366482455,1.8752056244308077,0.2823779651259355,9.792229909069079,3.052219122993428,0.13552609913972358,-1.0226650247457796,2.3873043366146325,-0.2652275418211627,0.4103470550725392,1.1880134925857915,-0.16243184674233335,0.5690418000042694,2.051618880153166,1.439698416536375,-1.2137023296619458,0.36753632029379224,2.0110699435359773,0.3808197153706425,20.396706131989436,9.139082666649053,1.0825530707007962,6.00185709770439
1993-07-01,2.7278287171730327,1.9078437834393656,-0.028943098176358983,9.744803227869287,2.9880550053203123,0.4025549129270969,-0.75202687334109,2.63449338765201,-0.26912153678515094,0.40641506018552054,1.3074480484690048,-0.1553312670278193,0.35527889165415694,2.290968261023634,1.3682728124023296,-0.7490877679879309,0.5061307426400865,2.1733527905742083,0.5819169210308148,20.36347726352353,9.44654392689116,0.576529370655197,5.435277885738955
1993-08-01,2.66842302345869,1.5969790018921168,0.13181575693170844,8.727243481477915,3.026172838299935,0.8543349472635766,-0.7000802849475312,2.63449338765201,-0.15236691161528282,0.44641057378493176,1.5124514302328178,0.15557845703180773,0.34761142876377527,2.5215950567234184,1.295378025912333,-0.7490877679879309,0.5622710949917056,1.9909162938130347,1.1667652352193167,19.996911932104386,10.332392379414664,0.7331484232847112,5.353760648134122
1993-09-01,2.9368420519274814,1.3391406428560169,0.12164022906748828,7.201932352091218,2.4674867740249304,0.6490872393291793,-0.7576861775621628,2.5053668215409948,-0.15236691161528282,0.06103596397936517,1.5081545075165108,0.3038868497897975,0.27109383591620606,2.3424273918673126,1.2581989293972722,-0.7490877679879309,0.5974498562694044,2.0677615241128837,0.8139550460556508,17.15964452805919,10.82056738693727,0.8793804535496035,4.970503511027248
1993-10-01,3.125572070374318,1.6514894179400317,-0.03522254819516801,6.7309706238339935,2.5781575085309214,0.6490872393291793,-0.3855648813192962,2.5053668215409948,-0.03796056689390892,-0.126380365243846,1.338727126202353,-0.016626245105094473,0.33053149846772634,2.271802303805897,1.323163505020533,-0.595653654879023,0.4957705237684009,2.1319206091700753,0.7132651366593388,15.830194701411124,9.936654277873345,1.370392544559194,5.664890643944766
1993-11-01,3.4148528047702094,1.7555026365294255,-0.03522254819516801,6.704533322730228,3.113003162484574,0.5561083639344124,-0.44163984718517835,2.230461358306896,-0.04675730852902871,-0.3736949311344011,1.3639443010106538,-0.3296155459978576,0.2581829084494256,1.1796337868487485,1.3200538687100387,-0.595653654879023,0.4937679942875852,1.7634369049820702,0.5368069317348487,17.563612766715128,8.908593020997657,1.7204384940425514,6.102156413754724
1993-12-01,3.2823183502479054,1.929524024027228,-0.18895048008387105,6.464593294774518,2.3459371179332287,0.4750495260922163,-0.43846410360507004,2.353857979784297,-0.27877672357532046,-0.16013289799959463,1.4533060362180477,-0.17649838147472652,0.32864516713872227,1.4121576586496312,1.4075706412064708,-0.595653654879023,0.5085795600315293,1.6682266638212777,0.6947638880324378,20.793685139808623,9.177646337307852,2.028217753797377,5.477905182838873
1994-01-01,3.070505332068098,2.002289082714591,-0.6559043995358667,5.811382331129639,-0.021683814275274216,0.8380218740902192,-0.17143697168523087,1.137419197960649,-0.632328424145663,-1.44737643259701,0.5098134825165728,0.1435018915923183,0.11051438123527468,1.0174837294500685,0.9527224316003196,-0.44831644452441965,0.24153256643751808,1.64626405611555,0.4262488906401716,18.70655827744486,5.7286712379132165,2.5487182662190504,5.399806823535881
1994-02-01,2.875654865989798,2.006311334536158,-0.6602245827123094,5.880698240884492,0.006272496038995712,0.8218720833848527,-0.12342709349189729,1.1142888827756774,-1.8009830917198724,-1.3934414532980126,0.47545462363773705,-0.024102601132608203,0.10189395094150377,0.7828353794124767,0.9943610590328138,-0.44831644452441965,0.1808634062301464,1.7149794403706746,0.4932069804236692,16.30336306364278,5.394763637440878,2.980221892027111,4.553688692284753
1994-03-01,2.7026597196619058,1.98500622459271,-1.1306929240807224,4.690545087780713,-0.04923702210988168,0.8032709188203837,-0.23247709036623032,0.9798379572326492,-1.6836806423471142,-1.3210767092197555,0.15582577486343663,-0.19038823495908774,0.09336542444315121,0.2533358635279528,0.9237368210577106,-0.44831644452441965,-0.09924428608195734,1.6173276983675837,0.322345272908767,16.33232490659194,5.634805909464644,2.5888600459272864,4.199995644066114
1994-04-01,2.702654876242107,1.9404727110962847,-1.132106541456945,4.868859792072506,-0.06392185828645225,0.614178478650337,0.08070147169336028,0.8459073086131201,-1.6836806423471142,-1.4764540531687258,0.0259809456604847,-0.04990268015016541,-0.0490179409961069,0.002070206127251728,0.8650202692338542,0.4788639425233572,0.04802067594896675,1.3512045565075308,0.4141483435717328,16.774000485077853,6.0353368652362605,2.1638823802477374,5.026547173133057
1994-05-01,2.460109406560253,1.8690344515997035,-1.132106541456945,5.3491390603541085,0.3952536913666158,0.7953714070892373,-0.03524275637677032,0.9689456516693677,-2.152615564949074,-1.521910006750356,0.012689370285843715,-0.05717101999189156,-0.12000552145735277,-0.6792825070212791,0.830448457692226,0.4788639425233572,0.12691937337528847,1.5852397698361624,0.5557946748869478,16.551993860092992,6.8290652470871365,1.9129362816927769,5.697874745223132
1994-06-01,2.3718972203806494,1.728890999801945,-0.9811928750803385,4.934479331648085,0.7442736371749312,0.8954781801864788,0.12221930417563431,0.8355506107488313,-1.9181481036480943,-0.4017520756642261,0.002439397688489997,-0.05717101999189156,0.07981511366944893,-0.4963995334603075,0.735704219832714,0.4788639425233572,0.14136855189953357,1.150273568997802,0.752516261605277,17.671204945850892,7.592566290959553,2.1179228892133066,6.562541492163833
1994-07-01,1.955189606477827,1.7628693741305144,-0.6751369724504737,6.19140669567993,0.9581215770072546,0.6092637296153027,0.07325855497512368,0.5702974964482859,-1.8013934784782262,-0.10181595968415547,0.06610764927945478,-0.3585449004691097,0.3497139903254318,-0.4516332129678011,0.7331733432063086,0.30236948352818827,0.04536307411134777,1.0556706103978701,0.7143442793818986,17.826959935687487,8.296324332521596,3.047343868226158,7.695047525162536
1994-08-01,1.7530314536485143,1.8100417031859815,-0.5209349372688794,6.082148393307236,0.8790276370723724,0.4147406668422695,0.27842302776656513,0.8218643933457119,-1.8015296359485025,0.17844359938383025,-0.1262317766508554,-0.21428024319597982,0.4765988904227445,-0.5515573658354376,1.0122808115888642,0.30236948352818827,0.03184133789982857,1.134538200786002,0.446602521495568,17.294045337182713,7.9277255301276455,3.4841421023920054,8.052513072766855
1994-09-01,1.5599224892944648,1.5503002177044687,-0.3767670617293102,6.194218668027835,0.8928637896347134,0.5753516397056648,0.06378890185382691,0.6994240625593011,-1.6850470085194982,0.2103692952795706,0.07489018563371186,-0.5306403495430598,0.5377096772023169,-0.44975162776726507,0.9472003659592136,0.30236948352818827,0.02681374942389203,1.206829525152882,0.46118067312543065,19.363733826153403,7.393880735156266,2.69004942913955,8.152360439451924
1994-10-01,1.4122742904969527,1.3949367497874663,-0.3767670617293102,5.240784708569663,0.7025412498223425,0.6634175005432921,0.006709641738759764,0.5734028932664674,-2.15124919877669,0.16316502734971383,-0.054893887227948746,-0.6841323213513992,0.19197468497115544,-0.6066097728444417,0.8046321126242066,0.14292407714723465,0.06434921674310834,1.1878143534788403,0.1391146901800342,20.403039958325916,7.887380749699755,1.981282017977846,8.43708259377053
1994-11-01,0.9867631935606376,1.400491229498667,-0.3767670617293102,4.855591165453205,0.5901848038090804,0.39898690809604087,0.1071958470172314,0.5702974964482859,-2.034090519925198,0.01359672633000475,-0.11453414501063808,-0.21765104865029672,0.2570522587073274,-0.4789345303290402,0.6276685397093278,0.14292407714723465,-0.017874147991781886,1.256184695410008,0.0022506891646765226,18.0981589169482,9.191176925198718,2.2965134154697013,8.530634474806588
1994-12-01,1.035057750959158,1.3672921371072997,-0.22303912984060714,5.253981991866825,0.7903430095013384,0.4988315077257246,0.31860986189304175,0.5641379880807544,-1.6861286886018025,-0.05709297482841702,-0.10768489033184014,-0.07157297868311518,0.2570522587073274,-0.6206054701891459,0.4782968279001292,0.14292407714723465,-0.0037855577551213493,1.330529351137029,-0.12430952889120572,14.523529761838493,9.254359641177345,1.8086400381607897,8.652719072071426
1995-01-01,1.240464489167838,1.392921337337115,0.533336949056729,5.252411247720341,0.854419957569764,0.3128481839347854,0.2645621582568909,0.42683673665751587,-1.3391058229771116,0.17183005938880402,0.2162719636521464,-0.07157297868311518,0.38307684356150595,-0.030038570319652402,0.4595302690844765,0.27978293141494204,0.1285794963904343,1.230767469422707,-0.111214975805626,16.705200723697708,10.000759482063081,1.4565359486059064,8.137978200292263
1995-02-01,1.26024990355549,1.8456986636296344,0.5254946982344859,4.640673442717331,0.9022546817264008,0.2999433543415888,0.36074256965161045,0.1609092454523402,-0.06194032132102589,0.06818803275151897,0.1090777503050182,-0.07870742737165459,0.44008425605787416,0.4523411550073122,0.3003401977388602,0.27978293141494204,0.15050592197948154,1.534792624500943,-0.1581044188651317,17.813868700494805,11.4001984204383,0.7578511564697115,7.868157157948787
1995-03-01,1.4970671545725196,2.0968308455107207,0.6627404720219059,4.539293904804504,0.9284926038209527,0.19761077413860928,0.563905214097919,0.033927901477965206,0.1676816387819844,-0.1811464827533653,0.1752668748056001,0.06583198477508345,0.43061377254100286,0.5121367583500616,0.29274231990752675,0.27978293141494204,0.22660615240731508,2.15957786130266,-0.24007627406566723,17.49740555023148,14.293148575883361,0.9074834961753302,6.699111676613757
1995-04-01,1.3632129392969112,2.2328620755680193,0.5099520542165341,4.100133649726152,1.18109790191221,0.19354511603767133,0.45126501593159407,0.03154677721060639,0.5111289784553594,-0.3899944787355407,0.096031532514405,-0.10333562960222453,0.6245540234600586,0.5440621619323396,0.43740153205849275,0.5602324906102925,0.0753427971498346,2.3885392482690353,-0.2635735274032127,17.0115976711401,15.677022246298975,1.354537641956031,5.6348590166817605
1995-05-01,1.061669393043509,2.068823707865751,0.6586509663743638,4.332667593154344,1.0652787574273468,-0.07060246240179513,0.3892686947842323,-0.22161231585204288,0.9739077669252569,-0.2490284759463739,0.04160659432052949,0.03976146386882062,0.7540503054105283,0.9781580366217726,0.2906599946405546,0.5602324906102925,0.005315151304651433,2.4387066368936576,-0.5957106124740177,17.145390937224146,16.912348861654188,1.4758148662450603,5.543622480598133
1995-06-01,0.7081118780206026,2.0557961817374,0.6505088042187528,4.177597771175618,0.935525060270038,0.022481533827586553,0.1319704641416104,-0.2236538568485653,0.7394403056242769,-0.8935746562401219,0.059015655664505395,0.1895742259710178,0.6125430838838906,1.0190900822039042,0.5157295934009181,0.5602324906102925,0.04586391174404758,2.8986008892449693,-0.7007697497173195,15.66930755976291,17.060006457778798,0.4794433378559875,4.37555938381028
1995-07-01,0.5717123718072443,1.6804786910963196,0.3501595241258042,3.2840499918606554,0.8174169414529651,-0.33497648977135785,-0.11984734311941292,-0.2277218536470944,0.6165435381089199,-0.96837194135649,-0.31841247250133,0.5060586971122052,0.34264420722790767,0.9688985226265758,0.0909099805092044,0.24302918950626262,-0.12700952397700727,2.8077272107536704,-0.779699235688244,13.362435460263175,16.669092645203072,-0.07050390686045471,3.4507397387219765
1995-08-01,0.8009353676769599,1.3187933593117416,0.2016813973678926,3.127265688788256,0.6636953135471089,-0.6048954068607424,-0.3309855962371726,-0.47928875054452047,0.27214821563857217,-1.370290006442139,-0.4552010105691524,0.3391628851292796,0.20108600181384695,0.8933535399853356,0.021563715278619,0.24302918950626262,0.3651092438286532,2.9541022540517563,-0.690154422039643,12.114324469588919,15.6573671966847,-0.2364527277729751,3.568019591608275
1995-09-01,0.8450605713647548,1.4073642183018196,0.1882132629535076,2.8420068242299763,0.4288631293543297,-0.6166896106901385,0.12666401543991856,-0.2277218536470944,0.26961166078103704,-1.592031667020673,-0.5917730813732165,0.6330989528130107,0.12900558745358204,0.9384862947516994,-0.13260336484661472,0.24302918950626262,0.4120215226170223,2.859142645668518,-0.7795922868579188,10.68252416836145,15.335803661790337,0.9613640497923663,3.479983893427553
1995-10-01,0.8021594179779896,1.3767269052449835,0.1882132629535076,2.6678101360538005,0.5435065989310104,-0.7915976661313637,-0.030111288819141713,-0.34984757402751154,0.388766683338164,-1.7613464962701846,-0.6282742239406298,0.6376705694745968,0.3879259485033568,0.9123532773494583,-0.21367057634551223,0.23943126032847273,0.30222861015577385,2.7561930005944273,-0.7567713061871286,9.62585462218771,15.510397463534407,0.7733117777942704,2.958986108774443
1995-11-01,0.6780846521635482,1.4683846232545692,0.04039357602243543,2.668186649531174,0.5762154632663616,-0.5271670736841125,-0.08575932786694818,-0.47586874332034523,0.1485078019403605,-1.746341401997749,-0.779073935277343,0.48417859766625737,0.18915814136818732,0.8449689383214378,-0.18350258096797312,0.23943126032847273,0.36795437432331957,2.8882627504803597,-0.5124721399392653,9.3138115906468,15.213738377186523,0.4200641630826434,2.680228585602652
1995-12-01,0.2714506621308139,1.3503596091882217,0.04039357602243543,2.7417339080466014,0.4397192580382523,-0.43448171985177897,-0.1365624654908819,-0.3554524707111757,-0.19496675157939092,-1.7121075656492861,-0.8442686995056699,0.6194666168911236,0.1240344213682274,0.8894965760829423,-0.2691752545583821,0.23943126032847273,0.48715129107957855,2.7988724278582193,-0.512755303877074,8.973943444956266,14.95141671530763,1.0347966248708245,2.816613571563277
1996-01-01,-0.6828709366570855,0.9289151522837367,-1.00679252413931,3.1532448074658,-0.0791606383323753,-0.3768726851232005,-0.2899543820054822,-0.4844201421160872,-0.31445747996143436,-1.3156898701678648,-1.0843819965315378,0.4712086208688073,0.30865164717412163,0.4671232551165241,-0.45252219082467526,-0.07346265252993023,0.35039863629272494,2.8107942127990686,-0.024065525266666832,8.25796767033798,15.393294278120138,1.080901384071951,3.585443142647339
1996-02-01,-0.6651461130890972,0.7121959810121412,-1.158164697007091,3.233100147340135,-0.3188937564672969,-0.5245121155014774,-0.14481966517976996,-0.3683999787241039,-0.6617170450143608,-1.1871403227885784,-1.126107461385197,0.6104465359297708,0.2335571797618261,-0.26042706712823915,-0.45997408481659185,-0.07346265252993023,0.4232348739806482,2.479409260797423,-0.10279176673032264,7.566179011161044,14.917585252277696,1.0659536011987862,4.538407881395669
1996-03-01,-0.7766001863869647,0.4855851922550878,-1.3110651956606207,3.590776964362547,-0.25407241334935904,-0.1325306461123974,0.10156849520194644,-0.3683999787241039,-0.438335604501501,-1.0973301674204476,-1.0561002298499895,0.44985034698588633,0.41788809912774205,-0.14538240472273345,-0.29600601123533643,-0.07346265252993023,0.7564981740726053,1.9933279908578587,0.04987674300961675,7.2766682229354736,12.88330365196596,0.730762789801374,5.711130431899804
1996-04-01,-0.4065127371661852,0.5228168483813009,-1.0160797310184928,3.548951231235204,-0.6348082440509764,-0.003115890279695499,0.04522387253633031,-0.49285274586478534,-0.5560484723405825,-0.9382205200717157,-0.8456198451977999,0.43299210259893384,0.47278009055113124,-0.13257801748521403,-0.46645315486808236,-0.6815906959969458,0.7537332896630047,1.9849942373294365,0.06567602152833008,7.213571807182792,11.878491533728894,0.8011624459806947,6.173216231095026
1996-05-01,0.046677149266518114,0.8271043671585696,-1.0176115820306637,3.4520384086288054,-0.8531201970743965,-0.07450917654154043,-0.012731468248079914,-0.3702312974593387,-0.44671065159493506,-0.8798123768941251,-0.8974081089720771,0.42047927418951714,0.467230843456937,-0.30988114470272365,-0.6074291888930912,-0.6815906959969458,0.8153190298836868,1.741543583689749,-0.07305585585953533,6.757993771400127,11.484488090162213,1.174647613617073,7.202094302537189
1996-06-01,0.21370307064701066,0.6484604932104441,-1.1673969068748842,3.1713192852041168,-1.1013497575067746,-0.32080030851572605,0.040229223049618845,-0.3720580998479879,-0.44671065159493506,-1.2984133212729914,-0.9582838975995118,0.4163329617337399,0.3341557424788508,-0.3131945865071215,-0.444327459381741,-0.6815906959969458,0.6983675514115375,1.308971079495132,-0.16123937086250617,6.912814820858667,11.183266184343452,1.4732141815398707,7.54697781462942
1996-07-01,0.3292027648422753,0.7661292093331094,-0.7258835687248495,3.0006924462391567,-1.233533358942406,-0.07354543744039521,0.3504319728073009,-0.497883525854353,-0.674487506365691,-1.1594198442630725,-0.9187468289125329,0.1322399962034484,0.5254165144312015,-0.38567987186233865,-0.2331383214470879,-0.6881311213950174,0.7025640723023243,1.057535128417138,-0.0539361067982993,7.667087710027673,10.657636558459693,1.650254506952174,7.7062678385629315
1996-08-01,0.20763319606787078,0.7669060113864576,-0.5774054419669379,2.7895905536676153,-1.5659928205997922,-0.37949815741717163,0.39700769259251434,-0.497883525854353,-0.44671065159493506,-1.1879417069828717,-0.7984235668378377,0.2667443025754781,0.45438218433104005,-0.44376339788144237,-0.24296468919688685,-0.6881311213950174,0.028387083977731375,0.843127142464402,-0.04537997998715593,7.755550749117631,10.618387517155057,1.5234483677147397,6.65212915768746
1996-09-01,0.06168821016694537,0.6179381637694812,-0.7317229532120879,2.7683169421144633,-1.6601165140708964,-0.26603022264554443,0.3343518821847953,-0.497883525854353,-0.4483598826082027,-1.0787904908233186,-0.9504728041964912,0.25504679997896984,0.5757245089523497,-0.47106153877683554,-0.08634912933287175,-0.6881311213950174,-0.0293304140641113,0.7068691830431089,-0.0016500376113084414,6.655475185435819,10.081067630763627,0.8231643741329657,6.179679495671943
1996-10-01,-0.33604787828180704,0.5682775368134871,-0.29535862443479344,2.8034538789283587,-1.8432302582896511,0.051193643329713545,0.4326708643414152,-0.2497366361811022,-0.11019773774249697,-0.8599744049144169,-0.8921315305174611,0.5487897727621873,0.5662408179273246,-0.20325965832464576,0.003729604721483426,-0.2526674298655256,0.12491239578308244,0.4169384528262281,0.4758863622161522,6.375284877436581,9.120613660804821,1.315179618393512,6.075589382688941
1996-11-01,-0.22194733036848646,0.3090695757014581,-0.2927822455352387,2.3488101748554264,-2.0034018946233125,-0.06393084772765878,0.42792529246310895,-0.3720580998479879,-0.004746375665516611,-0.8775725752584078,-0.7246021668634102,0.6934029577621739,0.8206515995785733,-0.3128487086929985,0.14458636578831552,-0.2526674298655256,-0.04515556314274116,0.26157311143425055,0.38538506803570716,6.30083200078187,8.377737983085751,1.515340859360557,5.993720241188528
1996-12-01,-0.07162313760500183,0.2823737373965338,-0.2927822455352387,2.155378163034733,-1.8361066178991017,0.08179196875227301,0.37946690422609297,-0.37752484151391497,0.22278576157713093,-0.7077282335856543,-0.7748346196875717,0.3876480565908227,0.8857753195785332,-0.26147906839966795,0.2302590393787245,-0.22907668640886714,0.07018142944531425,0.20381318003113869,0.5464925752816017,6.06040257766821,8.105308437790278,1.197713136776433,5.537866865903153
1997-01-01,0.06783147777462872,-0.03730762147128441,0.8761085199443746,1.662180136261366,-1.7110279245948092,-0.03754890986908155,0.7290911244982086,0.22529145295112118,0.21797158759669233,-1.0086478730887931,-0.7564433877869776,0.24730556369967926,0.6159223503845599,-0.21315346566915339,-0.032344877482534784,-1.0309777579346684,0.17177943984375466,0.07447070666769129,0.3306738430099019,5.549353607694382,7.381309848397784,0.9693046183562908,4.911738887011298
1997-02-01,-0.3485786167090481,-0.3772131418300253,1.159596507638128,1.4658609198398516,-1.86748031984909,-0.21762380583142704,0.2206694785068004,-0.26925163003700914,0.32662239816870087,-1.3580976471332233,-0.569674559759183,-0.05240627907380757,0.6063861722630879,-0.19801853011836656,-0.09698840782103879,-0.49477741187674384,-0.002478320442234949,-0.22010490428931284,0.00777543550846449,5.193293382003169,7.252395726359371,1.1319555071134006,4.980175247472486
1997-03-01,-0.570479165214131,-0.6818427400856377,0.8590553502517477,0.9452732817228977,-1.9210622248485123,-0.37721255487696315,-0.28469541521179575,-0.26925163003700914,-0.01545439882657118,-1.1501374258971202,-0.8583398944564964,-0.2031956120257914,0.3415876051929754,-0.5183785529623128,-0.4658835117736988,-0.49477741187674384,-0.5655421655254131,-0.32383782319097953,-0.5215442504916536,4.5765855441872585,7.2345896511879815,0.8258250652316983,4.717633700552527
1997-04-01,-1.2101160045321784,-1.2115035204164917,0.5640698856096198,0.8140101569378118,-1.6988456977687463,-0.5674252867481941,-0.23944286632085632,-0.3901078507331175,-0.2411888706608647,-0.7859154342533996,-1.0591256828599755,-0.35922378786323295,0.08190022447879564,-0.518991473932646,-0.3813790284680625,-0.7588469599755325,-0.6440500944720271,-0.615747727102482,-0.7188397629056622,3.332632931890908,7.030046168206823,0.6130120687516376,4.065379562715966
1997-05-01,-0.980411375856292,-1.4102975029255296,0.5602720246487896,0.3920037344870515,-1.5824315072182173,-0.09354804281546425,0.09823700842740823,-0.2711756737788502,-0.4680343257406474,-0.758275479878086,-1.0303617602043476,-0.36800817508468286,-0.17230458421474104,-0.4648027845808598,-0.15733975576097414,-0.5810671199637167,-0.7103332840943453,-0.7175806895293331,-0.3962641571428085,2.4866337535160845,6.292040287570941,0.1311712478997622,2.7155816655097933
1997-06-01,-1.19757818170023,-1.3297446144238014,0.6994444548160677,0.5069555823767509,-1.0926923514903422,-0.15652810481400525,0.44295787462653013,-0.27309504448797495,-0.24679458501881268,-0.5512850959166498,-0.9611684126689797,-0.37091942561262004,-0.11129874895393321,-0.5593141847367653,-0.6920228773172195,-0.22645280986775917,-0.6191350893081435,-0.9095184422597864,-0.24358427496272395,2.878996738629999,7.174975873210485,0.3147028727397343,3.3561111638383725
1997-07-01,-1.3177142578486993,-1.279812599034659,0.26322983172883996,0.38906731981119336,-1.0525846957875942,-0.07584370715573474,0.348564983695014,0.4444276055851464,-0.24679458501881268,-0.5230972408027794,-0.8040081148650531,0.07026864042488112,-0.17787437607739953,-0.5281534690936793,-1.6139493580300286,-0.8438076468506677,-0.5658042636074954,-0.8136100387428886,-0.08914075105469177,2.767248373905126,6.706472171875397,0.02227468913342623,4.000957439807275
1997-08-01,-1.1319202034190106,-1.1224294653497848,0.12006588458506373,0.5474739033314364,-0.5363172971218901,0.32507731392504535,0.5394606801643649,0.563827961025704,-0.13635799567909968,-0.0787249151808238,-0.7263014483138948,-0.086018948005123,-0.18204840099874353,-0.5663653517501486,-2.140921017849104,-1.0212719909523753,-0.11265816319751076,-0.8153125636080656,-0.1488165914512143,2.4471088094435736,6.571467296108231,0.2783996285346406,4.320056330672818
1997-09-01,-1.1842240544714926,-0.8722623694091061,0.25321919541943005,-0.07914727121664455,-0.18057278751364336,0.31770354995193895,0.3328578201466188,0.3248716934520839,-0.2486548372373012,-0.11006499564290717,-0.46107888860669366,-0.23765838474029666,-0.25094443318301707,-0.626560930706239,-1.3633578835637845,-0.48982098109760885,-0.23248884715631002,-0.8170406465404607,-0.36574638941001236,1.9471995081119822,6.552226369404899,0.544554713574084,3.773119387547043
1997-10-01,-1.1831314329841618,-1.0456440252794144,-0.04079635487252942,-0.2954041314737914,-0.15038918543297441,0.18576784673079683,0.2322851296725199,0.20518551120503647,-0.47287090953153776,-0.014681655766753288,-0.3955375602113138,-0.24073753427946132,-0.319481941487906,-0.7784060585589734,-0.8360759063396923,-0.8972478933402788,-0.543765690493315,-0.6309440808680495,-0.673816520822931,1.514783845476483,6.3531607849246825,0.544554713574084,4.029962627009466
1997-11-01,-0.971348030289974,-0.8530517091210568,0.24659338789678786,0.13321423544197586,-0.11663529794632055,0.3430538168752575,0.17948052397038072,0.32750697487192215,-1.0302370707623478,0.23441536137084729,-0.5961789887170683,-0.38535071927944786,-0.5707101669095795,-0.6238291133324145,-0.919858301232976,-0.5451309003338882,-0.2860257719964019,-0.6384564731362214,-0.5655280029954382,1.3628000783702934,6.7363950527041006,0.6332031523255326,2.9812378222704563
1997-12-01,-0.7835581521149919,-0.8833705948879347,0.24659338789678786,-0.2739777813547555,-0.014163730583515388,0.14871322667669684,0.1329392685910742,0.20023264141136354,-1.1407957573571228,0.19409407276162316,-0.635209797921001,-0.5324083678597877,-0.6946227901601123,-0.6542238498709116,-0.7268850474569906,-0.2178546691614085,-0.44237421203868843,-0.7337251855602229,-0.8296536088193553,1.0892116202169646,6.90899617888806,2.757027697498569,2.1143465938228037
1998-01-01,-1.2534821937431033,-0.9377760094136169,-0.052291763906175515,-0.5784537849984943,-0.9540546732404778,-0.30538375262775563,-0.2123452310194578,-0.6497970973651175,-0.8119524945449943,0.2417118977013617,-0.6859917150102719,-0.6690388527993361,-0.823566063708844,-1.0244603640777348,-0.8955722601577261,-0.38683899415398004,-0.9705978023596971,-0.73907887471462,-1.5658583371522452,1.3843735343913668,6.299533282075096,4.358153453353151,2.0907670131838376
1998-02-01,-1.4682251362448255,-1.1039318832330904,-0.0608274644790181,-0.7018854454284345,-1.0471583242122264,0.05733210965935509,0.17534505966142877,-0.5319950016263004,-0.9242246264304879,0.17259031768769706,-1.0225193423881302,-0.5297550765027634,-0.9518812091121678,-1.0768936048490672,-1.0921855516941665,-0.5715411902019167,-0.8051897930426386,-0.5547873456322723,-1.234466039091905,1.976774185703686,5.778347934801351,5.509042566276688,0.6915729925207739
1998-03-01,-1.3301471299883332,-1.1072257096626528,0.35739672333292605,-0.4080674015933532,-1.3018940800236791,0.12489136104672749,0.31955172183294867,-0.6512529626206682,-0.9253210887317966,0.12900077015728773,-0.7853500619908766,-0.3910655881451395,-1.0170646778028338,-1.0067911869962762,-1.1207102616465487,-0.04661419742030093,-0.7162304098418013,-0.560590845271884,-0.9411596770896393,1.759340252288263,5.217041629721839,4.969567329412759,-0.17247908072989127
1998-04-01,-0.7788771647750252,-0.8959484320942748,0.35739672333292605,0.32219342440370013,-1.5088057844336191,0.2615976941518019,0.26471024150859623,-0.41113878093019207,-1.035151230051086,0.06159535833136065,-1.02072065932395,-0.2590288416914608,-0.9571875279432565,-1.0624300036852061,-0.9014707684660035,0.29750437492873827,-0.5505230716926222,-0.5625319243275069,-0.47306898912214645,1.5291711602315985,4.867533374270003,4.8473247836175775,0.28187087181034265
1998-05-01,-0.7634170334419359,-0.9109641620343458,0.0738733306191901,0.2745576900767439,-1.3461926731279874,-0.06349516892049412,0.0578755914280622,-0.5335765005128164,-0.8168257176475582,-0.2228994640537456,-0.8066911500783442,-0.2680581417764114,-0.7103071418837228,-0.95745210261285,-1.0941005634600405,0.46634921310410204,-0.6667283078886208,-0.6606701384833809,-0.1332614157096037,1.3489885243822854,4.708506841462832,4.2473016668162815,0.2565459785429116
1998-06-01,-0.3715611212222285,-0.8428602797735953,0.0678623304870567,0.18370602784368373,-1.6871865581363323,0.0022610591710572336,-0.23482060343871947,-0.5351414679929551,-0.9285960084409919,-0.1473935079223514,-0.9347732209451971,-0.5507713763371389,-0.7123763290919651,-0.9389758989785177,-1.2037735003286283,0.629415237517374,-0.5644541685366442,-0.5682779255371901,-0.39572749343662306,0.2487167280070004,3.2527241947078434,3.638350430667157,-0.6112493212439549
1998-07-01,-0.19160078896320698,-0.6576575417880717,0.21082161144656597,0.09615811028072585,-1.7183258934870373,-0.1300927881749212,-0.134429833993706,-1.0189100023563153,-0.9285960084409919,-0.5362427730120372,-0.9667793628436856,-0.6885212699795749,-0.7144404022337927,-0.9647066680737402,-1.2037735003286283,0.4617333858838353,-0.7676022676554326,-0.5682779255371901,-0.9522516003658579,0.15927996536569644,3.1922185003035874,3.455171720938364,-1.785807545291794
1998-08-01,-0.6526490491595354,-0.8304429524954484,0.0738733306191901,0.02584871904603503,-2.2907497939362855,-0.38623456932724043,-0.3813495417315975,-1.375553144118496,-1.039032597780705,-0.5574689729746245,-1.0563820976671652,-0.835671853944636,-0.7787062119246482,-0.9003701970636888,-1.2037735003286283,0.9840295476133316,-0.9612338781169414,-0.5701907395763524,-1.527584191833106,-0.5613138449969277,2.651441145188258,3.0663639585648754,-1.800476584231335
1998-09-01,-0.7094022790601322,-1.2503388130925677,0.34043693495036154,0.21128215527180316,-2.8163012781657883,-0.4566753788336628,-0.2900620264859226,-1.3744166037492118,-1.2580914645813526,-0.3558162960453819,-1.4393947987815254,-0.7004751281014241,-0.9048409048057007,-0.9781480152817166,-1.2037735003286283,0.7962253506649826,-1.1794920799406925,-0.6643079542725179,-1.1414560451249747,-1.170548041568523,1.8188558707015279,3.035296091299309,-0.3523419776428991
1998-10-01,-0.2987340927190978,-1.2047152494873883,0.19808815646502653,-0.3033287567341496,-2.6717692428309228,-0.33391290616537095,-0.2908536984291237,-1.373846327279254,-0.8204525501464179,-0.5708107237935982,-1.6164462584040047,-0.8422185961987236,-0.9084575770178152,-1.0055764059300485,-1.398104598540792,0.6197008111571551,-1.1792883964294796,-0.761798298332776,-1.113950574248487,-1.6156925492986005,1.6004974377829306,3.3715817542363284,1.4758183618025402
1998-11-01,-0.2041847211154284,-1.4931850363506873,0.19492715063265154,-0.7477269695360604,-2.7590446082222044,-0.3760743852524593,-0.24545415832982354,-1.373846327279254,-0.7100159608067049,-0.7730865585505802,-1.655887703139471,-0.7028457513384265,-0.8465587966363177,-1.138397019256827,-1.2885380422288346,-0.07606299475565281,-1.4101287351060763,-1.0443046475807112,-1.3897320097713353,-2.2963562033928717,0.6576016905421511,2.9466476525478607,3.192103709723172
1998-12-01,-0.08731818456495333,-1.482399238212774,0.3337196781174616,-1.0851080979392407,-2.868666224029969,-0.34306370850355794,-0.24302914718291202,-1.4939725158822743,-0.9275067717746179,-0.8603604158308924,-1.6946948085534226,-0.5662242954838246,-0.7836388377248173,-1.208472725970273,-1.3994254070434504,-0.599197242044323,-1.3590435360902995,-0.9523510501644612,-1.389256146764736,-2.956515604494939,-0.1673814522857331,0.27890243318171404,3.523767700843207
1999-01-01,-0.5518364044920325,-1.3512874813010347,0.32371421434120906,-1.2514435931247618,-1.8702493109536746,0.05115474343174409,-0.24138547351533912,-1.613088421659364,-1.2602488025688043,-1.1806240221320001,-3.455417528038553,-0.41915761781853833,-0.725702473152209,-0.9669425599615542,-1.5916068557182168,-0.7644644938397431,-1.3327184824908032,-1.1404619062535577,-1.0057785631160412,-4.54954512825562,-0.6627077176372698,-2.1573302769918774,2.7323283608970197
1999-02-01,-0.47443894095535555,-1.058136293586677,0.03831004735817034,-1.2583769806879523,-1.7457863923455932,-0.01590944453452625,0.08440694926720571,-1.7326308323171997,-1.2609694008470964,-0.9190893761754486,-1.5876408619018862,-0.5636668840561296,-0.7895178113617032,-0.7522246049501311,-1.5925539404125306,-0.5964894487811105,-1.397533693749454,-1.23616119656859,-0.9941214720909555,-5.668476309305351,-0.9896296047882025,-3.4408872055242474,2.1270222770543814
1999-03-01,-0.3172368757310622,-0.6645103129483756,0.1637987457120187,-1.5381172998808417,-1.520245886857218,0.021719825865992526,0.36464019781049917,-1.613372871322832,-0.9350675634632613,-0.8917652165606098,-1.519750334425642,-0.2917660603321157,-0.671158773100208,-0.5739024329161799,-1.6748876500306071,-0.7765846239349377,-1.2320254830698993,-1.3314469195242413,-0.7470543878839022,-5.249989750543197,-1.099381580044092,-3.104330569384774,1.9829037990990575
1999-04-01,-0.39467266141790347,-0.5430719746893145,0.43739672759954873,-2.113930360038701,-1.5903166457021491,-0.010790023696253037,0.40631134917702827,-1.2575683187912408,-0.2832288904861049,-0.6172003488979909,-0.8285526071998079,-0.4410685655546307,-0.13131784154672665,-0.4478205896530538,-1.8941271432111524,-0.7837706923051617,-1.1564503948262925,-1.149971398283471,-0.8066355883829059,-5.178348715143969,-0.9911654413506632,-3.1901245949520947,0.9728351146397376
1999-05-01,-0.8972548434018606,-0.6767362616325725,0.44084549897514025,-2.536364285012798,-1.571080885750952,0.11388620043875886,0.11325606501621355,-1.3766842245683304,-0.39637458188254837,-0.3201067260451067,-0.8810105391227525,-0.5864283565687853,-0.3157583446825232,-0.46572461819670097,-1.5934836160155204,-0.7884966911488083,-1.1692630766943055,-1.1526698713450951,-1.1233454566574954,-4.866316527072293,-1.4764058022173199,-2.8503688262287126,1.099525168690997
1999-06-01,-0.8723527743140096,-0.7201408293194502,0.297438692157304,-2.816609839380895,-1.2151511502634484,0.1504338718855882,0.4432458197512519,-1.3772604977989762,-0.29032600156439625,-0.5805848630212678,-0.8804202508879273,-0.5839273874432114,-0.438529960259201,-0.46738506686175385,-1.6748876500306071,-0.9654714804449331,-1.2584912200068197,-1.2450620842912858,-1.2174975692812309,-4.997468833544897,-1.2710743465797947,-3.014893777039897,1.081025076778909
1999-07-01,-1.102448872699167,-0.6561822581656953,0.023840710269773968,-2.816835933971678,-1.4310760506058386,-0.15459068491189587,0.39964049831093096,-1.2610779554916125,-0.07527145282426173,-0.501231180157709,-2.339821372550756,-0.7169308094625291,-0.26076786945739805,-0.3075606032975584,-1.6748876500306071,-0.9613452080302491,-1.1937038526516184,-0.9722118869897418,-1.3141305709364195,-4.976871851240286,-0.3786678431222512,-3.3561452570911383,1.5500291366211574
1999-08-01,-1.2755484282383804,-0.4985307513723738,-0.1078527226508359,-2.9207807732787465,-0.916875790781301,0.3774554572638946,0.7711844411983622,-1.1416876156220053,0.13932160360928125,-0.5794253281131772,-0.7971837679796829,-0.7215736583155494,-0.14356602161645604,-0.09826487251121763,-1.5929586939488178,-0.6259087608146179,-1.0921281310138817,-0.9737200737230207,-1.0535383022168245,-3.836020190219461,0.3527927750657778,-2.677951646059486,1.3679482480093998
1999-09-01,-1.1783838323827105,-0.3802591871079022,0.012408654773743866,-2.878206374681607,-0.61133082193383,0.0192630671810603,0.8541330884392169,-1.139990277522423,0.6794090769393566,-0.5445430971664349,-0.45937464231211766,-0.865758147130141,0.21172782445730043,0.17019438705877987,-1.5929586939488178,-0.8002056230237291,-0.888535545448955,-0.7923972012937082,-0.7956256834889954,-3.240027898885259,0.3328520607929075,-2.8513063234168596,0.22424408126405915
1999-10-01,-1.2606222389763815,-0.42674517171791404,0.4202950122558673,-2.6564542438683496,-0.709626135557361,-0.12067759183866134,0.9923295773588565,-1.1391576578725744,0.3485510849373472,-0.3542435475585597,-0.24978552265222564,-0.865758147130141,0.1460329936820468,0.18919021313640783,-1.293963337747181,-0.6311559708901275,-0.7738915895746055,-0.6150658064933463,-0.6740332902875315,-2.7457233339604734,0.02210620269998742,-2.4346380379223893,-2.008751832969301
1999-11-01,-1.1704800213191184,-0.17602418220667015,0.6875389842383233,-2.3218951080030408,-0.7303969912183064,0.0011003814004508783,0.986826074908735,-0.902743484980822,0.24177016250442196,-0.1127174798062418,-0.2221543926942866,-0.8678626107932073,0.20548094375311443,0.2560961394769181,-1.3220017314344386,-0.11873083576260202,-0.6718311274163455,-0.526762167387977,-0.44428009745921226,-2.356131136060405,0.11688286099854395,-2.2667955409093627,-3.5454000502996283
1999-12-01,-1.2741129795921218,-0.0023831351598238015,0.6837903665406491,-2.1738204165915924,-0.34348615728030296,-0.06095152098732104,1.2229307612993496,-0.6682891134080766,0.6766005825000352,0.3347647912184266,0.2475464722062375,-0.8720541328688545,0.2664736080921468,0.614449175756542,-0.7272180873037133,1.227075256335954,-0.331131637189531,-0.5286666458193796,-0.05228881385571338,-1.8560906024751276,0.6539145235959865,-2.264533871277165,-3.5454000502996283
2000-01-01,-1.140530234153168,-0.040727991889290216,0.8069241648111185,-2.2846592302951656,-1.201380292887876,-0.32006538871693113,1.1794938730875488,-0.3141606831560335,0.24410539880555393,0.5667522237552776,1.0685103253319488,-1.280234329179447,0.3193664276854111,0.5331381198457821,-0.9423861469766788,1.7523054198174033,-0.04936915569814326,-0.44066662886232244,-0.2062987313797029,-1.5704514103341758,-0.3776959643604716,-1.7368455449050542,-3.691679755779541
2000-02-01,-1.4013019593199765,0.04143082685038468,1.0707738774071278,-2.012967689527894,-0.7214920387904158,-0.20713341300599186,1.0250184247351841,-0.315977118545246,0.7745381976716412,1.0667111013457893,0.5387458751474155,-1.144309859272735,0.7883832261746857,0.5708219738566436,-0.45952891304905386,2.0640877659417707,-0.2304763183271228,-0.26542272363968955,-0.04950056066204933,-1.3127077840029564,-0.5111897838938084,-1.85478238092698,-3.2251023868962267
2000-03-01,-1.676905465474963,-0.0028953510111575653,0.5170865029051623,-1.7856049673917234,-0.6211860374645042,-0.1831020261946401,1.25637830061686,-0.315977118545246,1.0799448695177947,1.420920120646156,0.6777738521988246,-1.4247477084694258,1.305998299580283,0.4322138570145897,-0.16425617764357092,2.3793317483713845,-0.09669003622011596,-0.18034338601088784,0.2557949330812024,-1.4060628001238449,-0.8071644755922502,-1.520402207057205,-3.2203550255394884
2000-04-01,-1.1518977295579695,0.04287875900749061,0.5101553457091517,-2.3386495283329083,-0.930592312786537,-0.24072400135772032,1.073450105054012,-0.791039632071205,0.2209778445195585,0.9317335104816289,0.5799677137855879,-1.4287102006510897,0.6397679682598554,0.35290841489620717,-0.24470481155385038,2.5200513697379097,-0.3766596769711925,-0.36519458016805295,0.06146867662288091,-1.7812555190000943,-1.0793514596030196,-2.1757258846154555,-3.0727646834282627
2000-05-01,-0.7087239545743955,0.21213160501473016,0.7799279854329382,-1.9959999919010478,-0.6444996695058371,0.052459264297829655,1.285440388838503,-0.9083391024590821,0.4273827971502928,0.9838631896483081,0.4220213505355934,-1.4313338052215738,0.7564511430175589,0.5283375572415474,-0.3553331485272455,2.9918225090674784,-0.18866443864092952,-0.19132169882304773,0.17731381460310036,-1.7390180671408437,-1.301780201143412,-2.512508826811046,-2.9318952858555445
2000-06-01,-0.36286317199283147,0.4929826589480699,1.1737277872489575,-2.3850575499753717,-0.8104308848084543,0.3278606702231981,1.30273714214814,-0.5583626569128637,0.8421209649847536,1.28119718258574,1.1179919773432117,-1.1579147873008897,1.2798608504909357,0.7826437966539304,0.6100061838646891,3.2973300290649727,0.0743558708173544,0.07498879963373106,0.7376453406461012,-1.2573060469839668,-1.2203796618481277,-1.4173894857992826,-2.7869787168936053
2000-07-01,-0.012390893633405398,0.6661564261582251,1.0497109311724988,-2.179150944289592,-0.849079873757951,0.18344169615854522,1.0914146889050942,-0.5644173130280923,0.9407111613117844,1.133266883749788,1.2904157940219134,-1.1528479567431913,1.2112353626332482,0.831382362339921,0.6897570508892752,3.7989251412768783,0.178950425337431,-0.02071425815590011,0.786407968532413,-0.2284494592358719,-0.923013757471205,-0.6734931525193018,-2.792943844259886
2000-08-01,0.18275908639506966,0.6597164196457159,1.4615165920642608,-1.9329562327885235,-0.7798664516875711,0.07793973847128566,0.4755499696014782,-0.6794011640355475,0.6216791217634341,1.4662629477582607,0.9944816218955692,-1.4287102006510897,0.9715626182498358,0.07863655435455441,0.6078280948074859,3.7596919440847993,0.20106922046082465,-0.023043106630320054,0.8688882913560656,-1.0783746588543117,-0.7230816711130483,-1.191486415633693,-3.8507334331344776
2000-09-01,0.11472987804688373,0.7256643808375083,1.4285820320129266,-1.787485725043652,-0.7821441147244137,0.8209247133192568,0.7071594189214254,-0.21044247747132272,0.7177535881272721,1.976652540284289,1.2658211310951222,-1.0240012664579798,1.0134162233854358,0.3898456587020307,0.8997316480346544,3.909325111431396,0.5468961981570977,-0.02768830882859241,1.3485563736922588,-1.5072904453603684,-0.1386239440900905,-0.15462310019460812,-4.761218927283638
2000-10-01,0.24693546367333852,1.018571165213765,1.0206956745308031,-0.9300095003192226,-0.6802604758631361,0.910585906145708,0.7197179182394082,-0.20850333491625972,0.8188736049415322,1.8560999317436861,1.2933610506406827,-1.0240012664579798,1.0074606291425123,0.28356830731263627,0.6763738689274295,4.375192217730497,0.3590071509309225,-0.03692904596514346,0.9641382821210884,-1.8001996683352814,-0.16861677489091953,-1.005907912115613,-4.9121638025024215
2000-11-01,0.45278153594048476,1.1065325959243575,1.1394018622572948,-0.7243645334556952,-0.34976276158824504,0.7756699180416851,0.6331729573389717,-0.32857336423583416,1.2366846462737822,1.8359465733299425,1.4937440804587458,-0.8906334878808484,1.005465987584012,0.8546229329954238,0.9644264515420691,4.679966652203085,0.5447635126216368,0.04624581430855024,1.0757506841136442,-2.2642702310024774,0.1620507897969503,-1.4310836157521285,-4.761218927283638
2000-12-01,0.5754270760551812,1.0020393311058848,0.8733821642637811,-1.0498196991906177,-0.6760194399718635,0.5213046067516904,0.44129218305270346,0.12850956258133084,1.2333701866501332,1.2980247975047527,1.314653961192234,-1.164606261992923,0.9480126790714447,0.4424941013081154,0.4718429524694283,3.5064278327640603,0.05200115558837615,0.04386395541363264,0.5039159477301967,-2.9169882352223873,-0.3648215192738302,-0.8688801596008728,-4.761218927283638
2001-01-01,1.1387205831107323,0.7088823798409125,1.118316678035303,-1.5334360118477157,-0.15470142482787352,1.5804770312021068,0.38179863427309346,-0.4531284816555232,1.0325495933558624,1.209712121936339,0.7661619678259717,-1.156230468032565,1.281577340182741,0.24732611062205279,0.8777586887263293,2.8827347444268088,-0.37141168121784895,0.30127446206216923,0.2107949175496424,-3.9191541578851883,-0.3161503606000782,-0.228582912622179,-4.913311663658769
2001-02-01,1.4900278380352034,0.895357103432258,1.4936467033138006,-1.4203956857533555,-0.2644338560966233,1.8446780709355428,0.5524959218037901,0.006607322901170276,0.9107425942758194,1.0803649743591643,0.729736791415923,-1.1595945075714984,1.0898870940062064,-0.26308396363291053,0.5971573284447889,2.9993380969161616,-0.22346480843585903,0.29094902464189154,0.2681323127167099,-4.648269546450138,-0.1572596296694062,-0.047526736212001985,-4.608881223815674
2001-03-01,1.7769668171256043,0.9201835191879768,1.6177782504695597,-1.8969040723276258,-0.006065743338389495,1.8877009945089531,0.36333065418966815,0.006607322901170276,0.479043055119148,1.0250325662300925,0.7502285473897734,-1.1629402262600839,0.49604199826311124,-0.06870380071209525,0.4981541934936633,3.1223604916493914,-0.24209892785304143,0.1096517056316042,0.10314976215712068,-5.088007895014815,-0.10677107968634303,0.3235584560506526,-4.151455104605693
2001-04-01,1.1805991556407065,1.023219910504257,1.7364683573770638,-1.4422337310306226,0.9478472854308926,2.278986251761114,0.6483397029819189,0.4658525421082753,1.5143240551888357,1.2431905213019663,0.6846340292941937,-0.8987456121925139,0.8341142299906377,0.11998381951531711,1.067604625175525,3.2436272351571556,0.23994885065562377,0.45386826424099347,0.7743012325335394,-4.729687419690812,-0.1883702937705145,1.1102796262061547,-3.5509183268036413
2001-05-01,1.4515101664670311,1.2346126364331953,2.114911205483683,-1.311118141991379,1.1480445920315283,2.290784960481548,0.7594490840256691,0.9262101896412804,1.9066066705237847,1.6033975795265372,1.1199460819478295,-0.5014304763982733,1.168659790828622,0.7104323502174539,1.182086515710326,3.047250269670467,0.6538764095482477,0.35685897526157184,1.1141137680681732,-4.300741583271709,0.29288184676411255,1.519580754047987,-4.008762721243896
2001-06-01,1.2129157294495059,1.268769427944659,1.584405982514348,-1.0323869057377415,1.0219293256697135,2.0140440366967907,0.3325614744475276,0.5719107013556328,1.3777192806635294,1.353710219972652,0.7727572931663245,-0.5039701266886962,0.8139273253328003,0.5282132743264769,0.6023754386881546,3.014530255667704,0.4648191323777353,0.34905667884231484,0.9234028880486997,-5.097402008859678,-0.022095242379274183,1.3017660175470995,-4.161524291059214
2001-07-01,0.9972512713897892,0.9083264827854807,0.6983061444102217,-1.034550876723788,0.9858163500388493,2.126939734158081,0.4760087250138918,0.2196648424328156,0.7596593200825328,0.9249287860805184,0.8678026458153836,-0.7644272575457909,0.300869286608366,0.30268508236021474,0.6197649644705177,2.5473582785105715,0.4190285010492558,0.2579306496686211,0.6484547963830609,-6.078116968942396,-0.8903564703077205,1.0902272113412197,-4.014395341807463
2001-08-01,0.7653293563718151,0.7313149893974122,0.569023644179723,-1.1656203204073172,1.163544467212386,2.0576402156363995,0.5760554104353206,0.22445591506708484,0.8640983031973402,0.8368409372768655,0.6933105332129079,-0.3625512980539978,0.300869286608366,0.005471010891982209,0.42540275979463793,2.212605621017562,0.2313994510701014,0.16947462026376137,0.6751649068775487,-6.063728231154567,-1.7155216713707588,0.9738325746508218,-2.96475924748084
2001-09-01,0.8207023628517014,0.4599644683630375,0.15983327415387594,-1.3349714205385936,1.296116031859352,2.0719488353382856,0.261195518370287,-0.008380382392386254,0.6500416375971472,0.7097433683119698,0.2899287067353411,-0.7753407138482769,0.2310943116059203,-0.36708242833823435,0.42490753305884077,2.3512943519057212,-0.09573928715281932,-0.0072030499672788295,0.2608207850922115,-6.770855441625937,-2.319423425659286,-0.4104526752524391,-2.0624177470065828
2001-10-01,0.8007809112739146,0.1000450117913596,0.15983327415387594,-2.1527865587136645,0.8079209397297014,1.7999969956997566,0.19004907484606992,-0.006266415840533002,-0.06625044100112132,0.3982172077654207,0.14683206681740213,-0.9087630151618673,-0.2785343756756067,-0.4115463590317623,0.3365360679831202,2.020332600026133,0.08990302518739801,-0.1878041394793346,0.35614040131312397,-7.179344619505837,-2.617690142432041,-0.31212181176292386,-2.6684728013126477
2001-11-01,0.6763878922280604,-0.22327508409197971,-0.36510231446049657,-2.5075464802860097,0.7879731638585028,1.6867127434106868,-0.16420696230346632,-0.35143855953751424,-1.2989490569208908,-0.018584783695970053,0.0050185711196730765,-1.1793991749362296,-0.5049632876815782,-0.7532739235207428,-0.1299837261434984,1.5467798433324371,-0.40362915104385033,-0.27979503595453714,0.1438535350275858,-7.475858782740389,-3.180000653670847,-0.2912808635379589,-3.2619391357677205
2001-12-01,0.5011261161239418,-0.20673768162863393,0.022943024055966266,-1.881662930656585,0.9760883572051746,1.975649921860131,0.19004907484606992,-0.24988048936557772,-1.1968649330779304,0.09094623256171008,-0.3877946677396844,-1.0459768736226391,-0.8428824442422513,-0.7151284328752736,-0.12048554318060134,2.0009745452840195,-0.2312491870602238,-0.28179671595131417,0.18785934502586787,-7.482630643877567,-3.4551068026314713,-0.49508814110128707,-3.410860921969837
2002-01-01,0.29375124914641404,-0.37949667658748876,-0.6320634167738421,-0.541009324213853,1.0284658798395583,1.8408682111303056,0.5159727262500953,0.21018552683057012,-0.5772394086104928,0.577890143602759,0.19472679470881982,-0.6350310306725224,-1.2469634592437853,-0.519735349681467,0.060852571920369414,2.6403018983066313,0.6569962909930829,-0.2919088745198568,0.8945648693309858,-7.41629766114508,-3.6759881490268675,-1.006571569652361,-1.4675155845854757
2002-02-01,-0.001886223144474286,-0.6210101688595939,-1.2811463859392798,-1.506125828967491,0.9076366344834561,1.5069388090242688,0.4972079427553995,-0.027286233945738703,-0.48222133570221115,0.12016410154133528,0.14829166059391152,-0.6397474727347583,-1.2514602571894375,-0.3875019006276246,-0.23637464442895784,2.295757414021295,0.5047847601843727,-0.29988951078866855,0.6278624402543374,-7.4197365066241225,-4.008710215037272,-1.0175321710996128,-0.5877360776094118
2002-03-01,-0.009315268002961119,-0.2186200435715504,-1.155491436297051,-0.9496083318251962,1.0253613150823746,1.4616569455915132,0.6104064623118228,0.1984424985273019,-0.08135583966759197,0.11058171169208553,-0.04692889808841816,-0.6444386066728645,-0.9178742718712964,-0.5316201837795751,-0.2399543416803791,2.410878984471267,0.4955960160330277,-0.13227382391893094,0.6730364626432648,-7.714842996321117,-4.187084988390879,-1.3229333600656608,-0.448293331379622
2002-04-01,0.23626041798494768,0.6125392812627348,-1.4133786246960152,-1.1188389406198311,0.5931180217432228,1.3805944113718907,0.6007544184839881,-0.3736033951040103,-0.19484858381501735,0.06413253807836927,0.02759607764721661,-0.7882447721925421,-0.7566280009387274,0.05138203463552116,-0.3447123460595254,2.5240897334566266,0.38905591636325587,-0.3118096490209705,-0.15902536041774962,-8.016492675433998,-4.107473171412082,-1.1429462693149501,0.08198256802690729
2002-05-01,0.061324996285573974,0.5943646590205285,-1.6704356278737005,-1.5520233861507187,0.17336490710862051,1.0730870156839236,0.08924435180689816,-0.6038608978249311,-0.8087157218536991,-0.37668743781649905,-0.23439741218280918,-1.193838694321475,-1.2078567365344153,-0.39393239911208,-0.2524322481042258,2.495906814424877,-0.10474283432676623,-0.31771747937131956,-0.6385884555680645,-9.337873453776627,-4.528090725450387,-0.6737860393037272,0.7795587280362017
2002-06-01,0.12306969258051481,0.26216829175146206,-1.6704356278737005,-1.6245701156816388,0.17234239147530062,1.1223022954559871,0.21687678776737673,-0.7179485160041683,-0.7096830006151091,-0.5776247920205995,-0.38284427704551494,-1.3272609956350654,-1.3209334935043362,-0.7144470579058491,-0.35142114493489096,2.0291384298977273,-0.17807514440754213,-0.4919445711949617,-1.0978701135202575,-9.61473071946887,-5.281666962818523,-1.0543477028129429,1.7486832329054582
2002-07-01,0.18188359274575916,-0.6788898238757737,-0.5138665506252411,-1.5971770218037022,0.32860617205707854,1.12677979267822,0.22231838106733637,-0.7192325447951948,0.19353836594464968,-0.010974394468362014,-0.10463751429881274,-0.9225631268392651,-0.9285248159600048,-1.0914197299125858,-0.5441239253972636,1.8945750188138173,0.030347661379314328,-0.4096162614002292,-0.6906446027981152,-9.797339969717559,-5.53512621441369,-1.5255387076787548,1.999084922117257
2002-08-01,0.4484044534938576,-0.6345208803028148,-0.7669936942350293,-1.3982494350414925,0.14042201203776727,1.0902558486534621,0.3475532127138843,-0.6038608978249311,0.590759650049981,-0.3228934989435954,-0.2696780525048199,-1.0602381400472258,-0.5959255476949945,-0.5683664455076018,-0.15872817993091992,2.175660256097913,0.25955338329360833,-0.2415497802803852,-0.7158577533593471,-9.887562598791192,-5.52386168263185,-1.254378870829444,1.4233506491396444
2002-09-01,0.42468041501604503,-0.24786335110919122,-0.646584485549972,-1.4198095835086626,0.06009125536461468,0.9542806434552267,0.46354297969034963,-0.6038608978249311,0.3877132427569083,-0.6763207714933399,-0.09392445896379176,-1.0637562318345393,-0.8797399417904774,-0.5442401432638475,-0.4501365064222913,2.301938238055125,0.25620989424114304,-0.07376528871757948,-0.7193473717078538,-9.890765013546169,-5.422799471764641,-0.600507239098504,1.4056185876621843
2002-10-01,0.6806498845545867,0.8427925985855831,-0.2665966945724736,-1.2189824351142846,0.654679152145544,0.8101753063032815,0.5848295836704915,-0.6024313952288136,1.1929882983007498,-0.1958560018839277,0.0976516649839203,-0.7988414723900381,-0.3770650313892201,0.18981817108000754,-0.35643178121660135,2.433718642740725,0.3512172972502383,0.005564233918205375,-0.6794451338935827,-9.988139926092035,-5.188232497328684,-0.8809459153218198,1.9603982713148351
2002-11-01,0.7405127769474014,1.0714203729131997,0.11195265337571358,-1.303652229179491,0.37393415050350853,0.6416483612290937,0.8399317628310294,-0.7127830125447094,2.4106619192662704,-0.06476251308587688,0.04144318196710284,-0.7988414723900381,-0.20808942789581586,-0.12854792363972778,-0.35476918807193236,2.433718642740725,0.6209244608646904,0.167926977920148,-0.870831639696287,-10.175505964987433,-5.317016837750845,-0.21410867531568467,1.7205305374265247
2002-12-01,0.682474282053704,1.0413769704877938,0.6077097451447249,-1.5498445184988157,0.4121545751715203,0.6005049390390118,0.5848295836704915,-0.7230673766394464,1.8102428043417038,-0.0354030821816691,0.11635089994232839,-0.6697964314265445,-0.033583919725840516,-0.1529430009770414,-0.2629704584835775,2.701532936396713,0.6662267128450075,0.1655596423891641,-0.6021093470506136,-10.270233254966602,-5.1942574483724435,0.05478603322523856,1.729883617858187
2003-01-01,0.6702222007441101,0.7665046027044307,2.8266579823700515,-1.7937493254743302,0.9804084071832762,0.2250599912852449,0.5816686277972645,-0.8365078730736937,2.4913854593636975,-0.3286254156489603,0.18807531705988634,-0.9283989647213606,0.1815520573272753,-0.19672562721771514,-0.3630380618805358,2.564530294203706,0.39303384758039206,0.15385955834169174,-0.7614536590377332,-10.739660036725166,-5.2535205213515646,0.13019015114943233,0.6842547769254761
2003-02-01,0.8268773446857409,0.8921971240157243,2.8205606072881477,-0.6332817600243672,1.6191918935782432,0.2983225947371073,0.808871038866525,-0.6164732262043888,2.6597677687347376,0.1740025757840309,0.3281955491939419,-0.9322637737036286,0.5546250239243964,-0.09523850720805727,-0.36468480186535324,2.8232879837482368,0.962699401381927,-0.020878145922635483,-0.23605520872576857,-10.739905914335704,-5.540268418022212,0.2023967267608322,0.2220164142517813
2003-03-01,0.46652295591962556,0.7602088802579496,1.7027761306400717,-0.8856787248471214,1.2778898810107862,0.3622488890927391,0.9139397668634404,-0.7306595176171211,2.2408678929480663,-0.08168779060716158,0.528379021893886,-0.8051323851685663,0.5927240303025858,0.29030951892849344,-0.27341361228307726,2.6378258411514106,0.9280753830511848,0.05516446525511576,-0.22815769531399877,-10.647888663794816,-5.453303312397786,0.814364259147891,0.06927478614652394
2003-04-01,0.42402868065356714,0.22139860554842716,0.8354756392955136,-1.5611286896827608,0.49020468559042385,-0.01168594321065175,0.41620923856930236,-0.9528601131833565,0.9547681067292355,-0.6179211592429139,0.08012280821205575,-0.8134432100227404,-0.18238690142394454,-0.3701876583320838,-0.7522130865868366,2.031305858668144,0.4104381054905395,0.04844365437689113,-0.5036617007002944,-10.926216401150693,-6.204161561906432,0.07022083580376748,-1.6580028318645343
2003-05-01,0.3278976531025286,-0.23064496555681568,-0.03971188163731609,-1.1339980471105342,0.11563781935126727,-0.10906158754821238,0.2940345135370821,-1.289632090388076,0.8515730737885849,-0.9614856008853883,-0.18056667889945377,-1.0776441563065728,-0.3457370119781391,-0.626529104629354,-1.0394237089872167,1.3004508590842252,0.17101093198382733,0.04179374635380917,-0.9318202230689989,-10.741207509623699,-6.45989698721289,-0.4834706320647326,-3.0734235324171397
2003-06-01,0.0008066244206368367,-0.1680174127048586,-0.28908856947751316,-1.1384958750091982,-0.014931535823613729,-0.23623065701960133,0.2940345135370821,-0.9538689558452103,0.6511715443292363,-0.8648832062366401,-0.3326047696173413,-1.2079373343482023,-0.2924077806011862,-0.493342417680138,-0.9459640581342494,1.2954712578327938,0.37277338713798036,0.03958037264878023,-0.36400773105459105,-10.462522734485017,-5.728547620979132,-0.6629124824503192,-5.041738943092421
2003-07-01,-0.4643137927739609,-0.10130729305654196,-0.5371779325129107,-1.352182261833839,-0.005536482552347621,-0.014592765852708744,-0.06877517014477075,-0.8433330954720593,0.1498791220153659,-1.2068390874046946,-0.48833194972306604,-1.0741995507308641,-0.2947049053984987,-0.7697792892834185,-0.9448680280758932,1.0255858150525117,0.2661193508384776,0.03516464808100572,-0.5066080893769778,-10.367129029530734,-5.3677379688469,-0.4719595110247239,-6.302947899498422
2003-08-01,-0.48941153028043516,0.07132941492194877,0.095544733139175,-1.6167025272868223,-0.09320084676291884,-0.03362008467954514,-0.19401000179131866,-0.7306595176171211,0.044629783328757666,-1.0731367392223872,-0.1537054193862426,-1.0776441563065728,-0.24738186732532164,-0.5040445778147726,-0.8527445324348211,1.0072043662033532,0.2737683109472413,0.11249591675280435,-0.19403599944421668,-10.364681512648058,-5.356565709714314,-0.6737461187736455,-6.02439351480769
2003-09-01,-0.24131554936856858,-0.00484617326192005,-0.04224050246444078,-1.6000641533581543,-0.12636611847176482,-0.13967793090342884,-0.08026411434636938,-0.8422019586774294,0.2388052219866974,-1.0277925317673313,-0.0025826549434855295,-1.081070750101326,-0.08875642053428301,-0.5107443505407103,-0.6644218309377532,0.564999600743334,0.47099125308728196,0.1079760064519224,-0.18651253928988165,-10.18098512489233,-5.384395227294938,-0.331667634833301,-6.727568706840868
2003-10-01,-0.34205577507342255,-0.31901454061781376,-0.42222829344193924,-1.7583969102200996,-0.3819134849744934,-0.17100882662907413,-0.573818625390639,-0.7294012842532223,-0.3494834258466153,-1.3903670618987745,-0.4271954638427795,-1.082777336672319,-0.36242067371861886,-0.5871836654461069,-1.04338830652779,0.12926418950462049,0.526640036714864,-0.06164162383143612,-0.3961827150938815,-9.906431044976852,-5.171949097214448,0.03669243147850043,-7.282348390493519
2003-11-01,-0.7874055274453156,-0.14746597221474556,-0.6764768174304154,-1.5910552363109502,-0.3465046543418495,-0.12914802909701795,-0.3290204615265706,-0.6136804957426574,-0.35408381815113654,-1.1701848748311887,-0.2721826826815006,-1.082777336672319,-0.633062840076656,-0.5285439952469615,-0.7597891492881121,0.12926418950462049,0.6441626733462704,-0.1513309702623129,-0.13336664276955812,-9.537084850621472,-4.588186111993622,-0.23614307603987594,-6.5909603404095005
2003-12-01,-0.8676129138478466,-0.30837798437287756,-1.4293034595095118,-1.8521037384880472,-0.3840488764674568,-0.4255473298338339,-0.573818625390639,-0.735664498768956,0.137731221857744,-1.0749332165761976,-0.05293108513020517,-1.0861771765400872,-0.5206530312562432,-0.4478276266048751,-0.8574033822257494,-0.16871113725406106,0.5818284861871184,-0.15334960184029534,-0.24628229843837968,-9.446672623414646,-4.47838488235929,-0.24713777196450248,-6.735889565098573
2004-01-01,-1.0091978096439007,-0.5997183627472493,-3.900839901983488,-1.9960086888814281,-0.9262799259181378,-0.7586138528271755,-0.6979651341971609,-0.735664498768956,-0.6516877594270956,-1.475639932096036,-0.011363445804481564,-0.949405161626665,-0.47475414211225164,-0.8674668697265473,-0.9534773695130756,-0.4463139174691304,0.3901887102046522,-0.4064784658841898,-0.390254153234312,-9.452452340042786,-3.628879807659615,-0.27126922189897495,-7.018011334423667
2004-02-01,-1.1448206884789407,-0.7655856983786249,-3.898564718546726,-2.402334479207518,-2.047920124457846,-0.92381729593182,-0.9530234745810011,-1.0735261094933553,-1.2395199702154482,-1.5717954286344442,-0.08229269366706493,-0.9531596905275994,-0.703804926643711,-0.9491768664193165,-0.6737723254712531,-0.46091380072029553,0.12005398378885834,-0.3291654621391178,-0.7097347326354777,-9.453906798892145,-3.1098578709917746,-0.3773023254493486,-7.292999415171396
2004-03-01,-0.9839491276187644,-0.7611386933884203,-2.668503328978033,-2.2030926081466333,-1.8093687359617796,-1.0067826854150228,-1.3231217723068083,-0.8534006382056643,-1.145194937836931,-2.189037690719327,-0.32047968847803876,-1.217152964746465,-0.6603600661289146,-1.1369031881976197,-0.5846011756820619,-0.752625070384259,0.11328337415635792,-0.33664246871939874,-0.8489196447916205,-9.45820235919729,-3.388480847514188,-0.5903914649503035,-7.5743463332257
2004-04-01,-0.903055814205576,-0.21100041646272683,-1.8051395200342486,-2.010133286213083,-1.4334735627208985,-0.7806067844523676,-1.0799574131540828,-0.18782785650070477,-0.2716165541317441,-2.0467841361953303,0.01659282611010493,-1.352000203281961,-0.12331032787210283,-0.4955018629733863,-0.49004549477073844,-0.7566043648353653,0.5111081377587303,-0.34220570033664366,-0.056880373821640795,-8.82671877691578,-3.2845259895554335,-0.41031144928365304,-6.300790020293322
2004-05-01,-0.8128235708044755,0.46933596870109984,-1.0610244177080115,-1.9892842221509603,-1.0684255548821788,-0.5408456038993679,-0.5952445266902044,0.2559306796403209,0.49160264426953293,-1.780740430088808,0.1962529642885995,-0.9661476345290407,0.6234388593531346,-0.10423626067062686,-0.02557338840018808,-0.33590439884433154,1.0004609769261754,-0.34776651291238814,0.5990008616042184,-7.837948031901757,-2.634706535088185,-0.3158401706480758,-5.46101859310618
2004-06-01,-0.583373869908808,0.5607223189387875,-0.8116477298678144,-2.100688226211272,-1.2280444136087745,-0.7255455898353,-0.8367905378506029,-0.07983245490254487,0.5867957264720711,-1.7332814767622677,0.4533852755380634,-0.8358544564874113,0.831291262639203,0.06611297334232957,0.1554302474960938,-0.06069947162657785,0.8454631837609852,-0.26946208711521713,0.26170034792837615,-6.855092867466809,-2.7617853581957696,-0.04319669914381219,-4.761218927283638
2004-07-01,-0.47869199071226376,0.42817273875673667,-0.5597934129055733,-1.9875056595651301,-1.0325023720776585,-0.9548427353133357,-0.5870843437788613,-0.08374840530151428,0.3940889155374758,-1.3518347027511828,0.302429451443607,-0.9624608441310021,0.5642144527368362,-0.18107814939590328,0.06505491654287532,0.37226222312622026,0.7901363909377337,-0.3532879970178744,0.4163130638706578,-6.573408363455805,-2.9987547213495525,0.6569469160345713,-4.338381262838086
2004-08-01,-0.8757154467031718,0.410647356504211,-1.057325349256288,-2.193769056029698,-1.1221562539334364,-0.9344781420063706,-0.830097829108019,0.025718265733060575,-0.08852940106919971,-1.2286724582092416,0.1517671252688073,-0.9661476345290407,0.23707518949246698,-0.043674089286300566,0.15124022299024809,0.4962757682306491,0.7730493064758917,-0.3587827177976717,0.2637256509905237,-6.646314166965542,-3.0934639895510507,1.0694087587705718,-4.1978440055821284
2004-09-01,-1.1446677586803382,0.2915894606804956,-0.939174397688713,-2.0990917763935073,-1.1188064026926838,-1.0407442680610588,-0.8367905378506029,-0.08179259612556788,-0.09205846853918698,-1.2494294695620871,-0.1222561184694344,-1.2262258045348138,0.12342457959896613,-0.1827498526262359,-0.03708247850681978,0.354530702801394,0.4876342709054007,-0.5220472990595955,0.05063343660007025,-6.8437549583109245,-3.5741559932178113,0.16861541180348372,-3.9137604554956393
2004-10-01,-1.0435407880875474,0.6422615268310325,-0.6934740283835334,-1.696610090099309,-0.8911727449839582,-0.7286620622714155,-0.22989179729123332,0.027794035758794022,0.38964189644983693,-0.8235389603776637,0.3304070258172791,-1.09960127920094,0.7567072812718099,0.24448579187580832,0.5192234464708871,0.4925470729142307,0.5293765234606886,-0.6035797409022532,0.8601191932047145,-6.778006057755018,-3.83772753762889,0.08069402171499807,-3.9137604554956393
2004-11-01,-0.7755398582873312,0.5672181054101708,-0.8177748523432444,-1.7870836571228281,-1.2575452684035362,-0.7728213546977978,-0.7159446016937592,0.03195937685980854,0.4777454921129507,-1.172732725309607,0.3161033482862434,-0.8438466640891815,1.07971785304081,0.4662796574342367,0.514385805603526,0.6303846276066412,0.4694078452524777,-0.7679390212753585,0.552056538991633,-6.789442214755162,-4.3114178358130495,-0.34489696936515113,-3.9125617613826034
2004-12-01,-0.755827069397295,0.29839253603963645,-0.9405495761754419,-1.8357332641972306,-1.3688032292203935,-1.0042661423280395,-0.7129845242577941,0.3437296281987361,0.19122484982961185,-1.2489312125112688,0.03369418022256365,-0.7205045226582105,0.8210064835986994,0.28324291546468117,0.7836683188863685,0.3439987830251918,0.47876407015620037,-0.6100805383275993,0.2861630291995185,-6.885027464343111,-4.65405114186245,-0.6196649363287028,-3.4873165067767484
2005-01-01,-1.216868686679227,0.15622826477828955,-1.062251336302022,-0.9290243711146111,-1.6736047933962652,-0.6207973545954291,-0.9554088854084446,-0.4192233714943978,-0.0005497713027449169,-1.4855613575264064,-0.14815982519562798,-0.7140607925292639,0.5438283394111263,0.1577775012708551,0.7810025628992161,0.08104559380267728,-0.07448768681633888,-0.7724052754608675,0.26737645640556895,-7.163357254888517,-5.955119462068783,-0.26358858969522014,-3.908945246191374
2005-02-01,-1.107702104191464,0.3688621907476639,-1.063475221648424,-1.8310078162246661,-0.9619697062605006,-0.4488617723290931,-0.7218218034421424,-0.2042759355971253,0.18517455688092244,-1.3430957220497879,0.12551931022770457,-0.7183621310733632,0.5804753990941744,0.3606081628175042,0.7084442244351035,0.06230530161296555,0.11472189018638579,-0.6974538262899106,0.5611014236605181,-7.342694762714888,-6.76256318161176,-0.3010808032472907,-3.9101541712223007
2005-03-01,-0.9972927584192419,0.4613047822807568,-1.0683406544220726,-2.029588785154928,-1.516069567001498,-0.3923090328864207,-0.48695796446550244,-0.101158502715742,0.36548586487837187,-0.7007635027171792,0.266358658223818,-0.4663747797909399,0.7171058132165928,0.3910038765101811,0.8365639111880068,-0.08401250984798425,0.3480993198398443,-0.7035986200233086,1.0622116850469796,-7.5283112208784395,-6.6720258334691,-0.6654413813688604,-3.908945246191374
2005-04-01,-1.1662082177724002,0.5311425423272995,-0.7034722559787983,-1.5534366888591826,-1.3910886488182719,-0.5388083216338133,-0.13133773474798982,-0.6488805638031832,0.455001047913721,-0.6199464006900817,0.34547755235714117,-0.47373414839310657,1.067715635903502,0.3663155348437799,0.6363621142391889,0.18346727872072988,0.2862800211272378,-0.7871387219766586,0.7476594092734077,-7.905843197968757,-6.141327104386054,-0.5646056968412934,-4.479525901654823
2005-05-01,-1.4022664707420844,0.13451011734565288,-0.46211085516727435,-1.6980440381457456,-1.569924616154438,-0.7647327524626855,-0.4938758961796479,-0.6515172477907722,-0.31206210327687356,-1.062493189673293,0.2649019156964121,-0.48103736919783957,0.38149138050137843,0.036098952091483616,0.272047072165174,0.17699518514961055,-0.016139846212882336,-0.712742191029518,0.5228951015948811,-8.632268509742516,-6.494206570385188,-0.5795077710975667,-4.480698911474855
2005-06-01,-1.6024525794023674,0.2090447418694561,-0.46211085516727435,-1.6155479121365772,-1.0977866690142548,-0.44867622708832133,-0.1334944580813362,-0.5431185463500239,-0.2199886139514231,-0.8958689531682067,0.05653225322490396,-0.48103736919783957,0.11613506646736305,-0.3612583387038468,0.20186792045427104,0.03178754783887028,0.06296360342613516,-0.8731143533355397,0.8698034762924332,-9.697580326698066,-6.284981355426424,-0.8812951953126165,-4.340751739521741
2005-07-01,-1.112876816158657,0.3570479566198701,-0.5817436956036199,-1.015500558236642,-1.3186038413397263,-0.45813284437400714,0.11108662640266065,-0.3299768858518288,0.06212100748244498,-1.15390570452288,0.4359895367594495,-0.09810247816816586,0.7360709839566635,0.14223110481196755,0.2868646676829538,0.309557117108596,0.07699015756493699,-0.5602961812368452,1.120847974652631,-9.78401758061295,-6.284981355426424,-1.0896837153310264,-3.3645470054031055
2005-08-01,-0.6544786547604247,0.35454683875922743,-0.2129442189757742,-1.2165878470857088,-1.0069690919885623,-0.3340502311091429,0.3541001117318183,-0.33161766409034965,0.6255555773299324,-1.0099548887258463,0.5948685609320696,-0.10391561488993206,1.193740664008006,-0.08374037002168522,-0.08247767519595506,0.022791329837836383,0.24371843728069242,-0.6434601046684403,1.1053388461077427,-9.42705272083019,-6.486642778485532,-1.65494154244288,-3.228085193117712
2005-09-01,-0.3830193551809451,0.7886348599413049,-0.10345387582475452,-1.0207833921033576,-1.0506024450362297,-0.3025872499691582,0.45857358289140127,-0.004866145629727869,1.2686243133277084,-0.8999817240377643,0.750341096554517,0.14671108271600586,2.1974818041437114,0.34712757674474815,0.1171126167520935,0.8303195286919158,0.5363368453160979,-0.6434601046684403,1.1385354864163064,-9.256430306361466,-6.383647116694249,-1.1577517848127235,-2.9493295804750783
2005-10-01,-0.5594104497005574,0.575528414710079,-0.22859967959503136,-1.117657453696335,-1.169168138226361,-0.41989540821218174,0.09647300619610011,-0.006870426256083251,0.6160054908892529,-1.320819014298709,0.9120336550428858,0.015378875987465346,1.873258905544498,0.2846391177158283,-0.15121257896526252,0.8262631673427019,0.2600986334251423,-0.408811119860923,0.4753950567460672,-9.44098939942403,-6.825138535574684,-1.3566048629216416,-2.124007485329825
2005-11-01,-0.6857696484955582,0.4763797648058885,-0.22859967959503136,-1.4205081890268083,-0.8357244198852634,-0.3798073986236803,-0.01709235887517746,-0.1106833980227091,0.05097949527433232,-1.075833454665072,0.3583612633986304,-0.2403757391242931,1.0144309517443748,-0.09281313032890126,-0.6339459593063008,0.42033701787062183,-0.001144430162581589,-0.4105569381610703,0.5611623940726149,-9.879721579850301,-6.721989345215498,-1.1511213391169468,-2.1203536470122284
2005-12-01,-0.6648312265994143,0.7892965593256571,-0.22637952129773664,-1.3237781005957565,-0.7681154374518542,-0.046596811596214316,0.34315900367457974,-0.4501028897021915,0.14765968746855296,-1.085317518032876,0.355872433366609,-0.2484867550811285,0.9759296391609471,-0.03849762519577227,-0.6924021144471855,0.28268919360318234,0.008372899945784607,-0.6496950340930159,0.8774664391265761,-10.142161735581393,-6.611916658178831,-1.0255584058188623,-2.3983587052247
2006-01-01,-0.5465767477359478,1.2283679688851565,-0.2219229483718439,-1.6881323316421053,-1.0385301119706583,-0.7958584695179214,0.22992205334057392,-0.00887036128513441,0.7986436242446924,-0.8722071447421724,0.7440838206057547,-0.2403757391242931,1.525258547693534,0.24281257572262205,-0.8831414225629803,0.7079190564676447,0.45975131062411156,-0.4157778952091835,0.621544353084805,-10.046063597310187,-7.273452487380574,-1.4100057096293268,-2.2471202015949086
2006-02-01,-0.2989502640553958,1.017602377972758,0.49787084652042113,-1.6982144945384796,-1.0413830330431963,-1.027144429170904,0.20936448637042648,-0.016827139175384476,0.23448048714969505,-0.7784457633431456,0.8319958775727647,-0.24578989842606846,1.1516144068997622,0.33432885146355473,-0.886757324260687,1.0848304745773159,0.23335633659607913,-0.5003704622222589,0.3928331495567514,-9.958076539104269,-7.497120531962622,-1.6149278235078297,-1.7011698208842727
2006-03-01,0.6137517509439157,0.9350215600409593,0.24659338789669905,-1.6318105339862825,-0.5322367788344486,-1.1652842108308556,-0.037478679724574526,-0.4516124844047671,0.22245926559967688,-0.7811481300769101,0.8385927457922753,-0.3781609747279089,0.9246566754636785,-0.016289761317606954,-1.0905292734201684,1.208778032799564,-0.1148341107577786,-0.5845104662114782,-0.27956287731672713,-10.14692079282639,-7.618501050655926,-1.6267794743743087,-1.1497168931378408
2006-04-01,0.4512116071060852,0.905345654965438,0.5920264203695074,-1.6600181611022329,-0.17446431059122602,-0.8876990678392902,-0.04640051746179363,0.08588438773947149,0.4916030965760807,-0.38716889117046005,0.7927729111060193,-0.1381839777528424,1.1016367408256986,0.013765634924050252,-0.396501558279569,1.454190680995406,0.1178735168429248,-0.4330161846047549,-0.02507693325913518,-9.982100492765348,-7.635951083749539,-1.6287585785333532,-1.1696744359789388
2006-05-01,0.46430414274092513,1.074407459679759,0.22728437466517137,-1.7974947365547216,-0.0876174897220352,-0.7359745654801495,0.07021757155644526,-0.13126616163345273,0.8546700147452444,0.01116830318787354,1.0019720229877498,-0.023514076769143077,1.6995116513670947,0.31288810939182254,-0.3981901735643252,1.7066384990961043,0.4743078703300809,-0.43983157521333816,0.19411011597151617,-9.644444715681214,-7.232019300203465,-1.3331093557145364,-1.5907317090436788
2006-06-01,0.392836945847332,0.9929315483761956,0.10858999871237218,-1.697776082396512,-0.15139575743161515,-0.7664277277640439,0.18421112057761935,-0.02667695418789262,0.48492105070736957,0.009483122234336783,1.0241146005318873,0.2221862925360365,1.8454168901545085,0.5101952310517512,-0.5996651122270631,1.6963371446325222,0.36051632414159007,-0.3628084218114598,-0.11552230455636714,-9.769162419393776,-7.240636447960416,-1.2261354697907363,-1.5950843412764524
2006-07-01,-0.13990963255383448,1.0101052554028032,-0.005327293470535732,-1.1078016887651359,0.04786029750467691,-0.7993941596711993,0.07021757155644526,-0.03448103330247432,0.3892873325046107,0.21344742641852665,0.793776837549685,0.09632095181644784,1.6790266066268575,0.37477819011463764,-0.5981917549364919,1.9570856300551571,0.34101312209232537,-0.44827979029577314,-0.37058194810596046,-9.494085844370229,-7.033809032170204,-1.2382280214215298,-2.29535268800357
2006-08-01,-0.4039121560773111,0.7752972406440337,-0.1269078555594656,-1.4063872021211559,-0.07838572289451307,-0.7356548634620461,0.07021757155644526,-0.3543913819393947,0.19881517896842982,0.20594748418069475,0.6738197878780587,0.21248687441660108,1.3649478193097284,0.40186401768177915,-0.3033549451033597,2.1997905414010606,0.2891522475498056,-0.4516453574075303,-0.3490089298862378,-9.107143343630689,-6.500468977755816,-0.9538566343179751,-2.5723517575449204
2006-09-01,-0.17927865964888312,-0.0012773071144236425,0.5668389092347685,-1.9933239305888577,-0.1798575373952218,-1.2554717393253343,-0.29164540237739,-0.7810734604951126,-1.1828482780674012,-0.19472064225104102,0.2415419039074811,0.08403490184288342,-0.34130127716561454,-0.24906557014288766,-0.6994104628535087,1.7796031788523865,-0.31882112119555694,-0.5283142472529629,-0.7464324352659615,-9.445241657554263,-4.265047050365869,-1.1605059246805345,-3.525788042915666
2006-10-01,-0.5753649438594337,-0.40125455470908644,0.5637241692940447,-2.107481675686145,-0.34658415321377944,-1.4285638968611822,-0.4078569203951181,-0.782218562110953,-0.9038437926112988,0.19851862857650904,-0.5596786124539195,0.0809823522005817,-1.0859131771443788,-0.7815511788221328,-0.8974400746478235,1.6456431700887637,-0.5196783679527592,-0.8396678806835407,-0.7676351437365971,-9.980512425044378,-3.8626279182995127,-1.4467703443819664,-4.89831241311237
2006-11-01,-0.8586929384018376,-0.30547721672439376,0.4462843436998658,-1.9973608957479954,0.020287409923259503,-1.3338737720274638,-0.16938364111512438,-0.4591121025152074,-0.5350074206661628,0.3979211295024472,-0.12894138352643925,0.32458783198870433,-0.4282225224205707,-0.5433398283165423,-0.49982017090546016,2.1711350725056273,-0.20419495265414733,-0.8410573637477032,-0.487071221815202,-9.70691302528667,-3.775094634287104,-1.5340606180416456,-5.035935045743122
2006-12-01,-0.7359532021858222,-0.2472378368261543,0.09569551710280111,-2.013886524982727,-0.02584339730982066,-1.154725904386603,-0.17145019090703695,-0.4694776915720784,-0.25913022131542474,0.4956254130955502,0.20508162733412316,0.435727050585061,0.1262162013531718,-0.420777352322139,-0.604056019328711,2.68396248081121,-0.09435889204801962,-0.7643884739022706,-0.33547021411988975,-9.632077103861128,-3.675057096664549,-1.541531786622687,-4.898677311676979
2007-01-01,-0.6728737478562934,-0.5148454480471534,-0.8504208879947401,-2.187546818092361,0.27158666381470553,-0.6845812430605145,-0.1652359443997069,-0.14775722029600158,-0.8151921534551978,0.5999844955213591,0.14557635422154203,0.20285927161352602,-0.3283023315934077,-0.9378423060230132,-0.504509267265016,2.831379576872752,-0.33864188492612834,-0.9217069663586859,-0.3125704781556129,-9.418560086875797,-2.5886285274225784,-1.9424700686302883,-4.623381604917652
2007-02-01,-0.8948463748155149,-0.4950102284001181,-1.3355094867119273,-2.2440148030366807,0.3081025615805153,-0.6204849050386239,-0.06617047213771254,-0.15499682395727032,0.09842540661693522,0.48495731810735254,-0.11244668572396765,0.31791329745909946,0.0038027536435922826,-1.0512725424012557,-0.5091824880879532,2.5191685959759975,-0.5329773930684909,-0.8492690143805088,-0.21551621450011904,-9.121383337277603,-1.5247667652559826,-1.4628960779781393,-5.724759377815568
2007-03-01,-0.9079261036671653,-0.4443124289249658,-0.981557007325939,-2.2829872187527904,0.25633416625738903,-0.3219537666947412,0.04234003575006984,0.055082650661925525,0.3577767617869252,0.8654673574440759,0.023707730791787007,0.5531096137926741,0.35818149338779115,-0.8671054776956686,-0.3190966396714874,2.7538139443329963,-0.39126832758563745,-0.9295422902177481,-0.16860901547520424,-8.52718570836483,-1.2766872003078156,-1.4740929180827385,-5.858622235740706
2007-04-01,-0.5136304828047038,-0.47292986691228744,-1.8153914990413074,-2.384595505162739,0.25719267721136063,-0.29571778761917944,-0.3106205544726697,0.25802344255546106,0.25584619803109976,0.8530922346463727,-0.02922826350813157,0.2948088728590039,0.15844446095970888,-0.5869212739813732,-0.32772240409279796,2.84115393669472,-0.3298836799765845,-1.0868163810103955,-0.2002106502133918,-8.639890145813759,-1.626674717475165,-1.1902908724424917,-5.852645462463256
2007-05-01,-0.7969436197332129,-0.5584108577078153,-1.6971182741363218,-2.2928718871557834,-0.004482667641724447,-0.3201837537875649,-0.19788074478091655,0.25802344255546106,0.24604380187099184,0.6585102770889124,-0.1985021131815552,0.04197435506657099,0.27260349480983415,-0.5530868882485172,-0.13618740989713451,2.6909937477720542,-0.5115611235987481,-1.0915069910669413,-0.6899554798979493,-8.751359094945613,-1.7971537844795904,-1.2886931232557037,-5.852645462463256
2007-06-01,-0.8013057295082042,-0.5258678523294327,-1.6966971230885082,-2.2806855243286677,0.18586004583560722,-0.3710324207102298,-0.5453229138023223,0.04503553366915258,0.24995413314754944,0.7522568190253915,-0.083986032467533,0.03608225416267841,0.26888242713548927,-0.4109591247106812,-0.13808556240732806,2.678621678052941,-0.39023534905146073,-0.9411722601820589,-0.689807287991381,-8.451808490923899,-1.7261509121946261,-1.093879584964454,-5.441037727132146
2007-07-01,-0.8582800883779811,-0.6605523022912854,-1.5767332811082997,-2.3902426629268163,0.19935285706516126,-0.6550002990594637,-0.7722648627061472,0.14097866434142392,0.24799720270665548,0.8530922346463727,-0.2536678674820232,-0.44411074537806217,-0.051837102864501716,-0.32205096490514706,-0.03971397837629631,2.666313036388725,-0.47662713365829257,-1.0217847088854466,-0.6021623186415495,-8.844584087938326,-1.9329783279848378,-1.1022777825093995,-4.490934113067789
2007-08-01,-1.1782762019733255,-0.7265940850194843,-1.6954276570610989,-2.3847869181934094,0.10488734034221991,-1.006432037681063,-1.002945472497692,0.24915816704132498,-0.20253624458236996,0.5557924570790336,-0.2409095304202653,-0.45117233123669864,-0.43176976992883276,-0.6049259574764163,-0.4310242197302667,2.388895815096372,-0.4032108395711895,-1.024215524404541,-0.8565636095380382,-9.535620972901274,-2.0283536503513133,-1.5912130191304348,-3.8184419225791064
2007-09-01,-1.1482300361319346,-0.23448607490935824,-2.4055077127203,-2.0034569087039316,0.5164913646668055,-0.8048817006561935,-0.6615344318200505,0.7758329666763213,0.5243036168457269,0.9364052711971533,-0.03094009314803703,-0.45351480705801395,0.3351017622456407,-0.2954338943211907,-0.04170511242105057,2.371701449433363,-0.07024639574190283,-0.9475466345591084,-0.47348658259083987,-8.853143838218195,-3.8117410080245406,-1.3118353884737273,-3.4061834113109466
2007-10-01,-0.6704347924662883,0.6439541985406736,-2.287376169068533,-1.8323485061658644,1.0348722543491071,-0.5044476035002718,-0.20187666893879008,0.8766450959790066,0.43916490166498323,0.9288538752457649,0.7809574683086167,-0.2169028844582752,1.0924018367639707,0.21662899468345898,0.6330413713617116,2.4947797679982027,0.40575663472900336,-0.5696383364756681,0.2520558362252432,-8.171090746276569,-3.3646890754459946,-0.6387406969267557,-2.7244808312197986
2007-11-01,-0.4593306951240699,1.1107733021818875,-0.5362944115050001,-1.0237239910343803,1.5536046220154596,-0.19373694087837823,0.4842721688547309,1.3929081724563257,0.5243036168457269,1.2141503524817283,1.0527968620184884,-0.10315241515985152,1.8333742162553488,0.7147162160155476,1.0124516582689562,2.7281703409268405,0.8407703362184207,-0.2711097583901907,0.939746349021445,-7.595278775759887,-3.103125411570442,-0.15256676714383755,-2.1813055990841033
2007-12-01,-0.5674014714991387,1.255259737693014,0.741769785471647,-1.0716941728013012,1.7461519862357342,-0.25553638874956963,0.3679254425249896,1.267006853668479,0.4306462464352332,0.9263313180897166,1.2077933151385372,-0.1140935232170901,1.6174845409094782,0.9443997306742327,1.4776359963637713,2.3376684824107836,0.9765371860758534,-0.048602541340462935,1.0713536370937335,-7.207693070343183,-2.830024378895537,-0.06762447048214337,-1.6465514810985002
2008-01-01,-0.41981026956112544,1.3086871381264062,1.4691321945335294,-1.0588254846301375,1.4979394894106832,-0.09777766524491671,0.9443873609561821,0.9594678346118772,0.2519146027693917,2.1630219413030156,1.1918779181015564,0.0185761452153268,1.8085255633376516,1.3574527205817135,1.0984857267541752,2.1035508646263597,1.2030957942216083,0.3219025674994729,1.4304636220392384,-6.936385396913828,-3.0961060109197547,0.2066368119338451,-1.5089038885183523
2008-02-01,-0.39323199231904127,1.3968037327217617,1.6863947725888733,-0.5405530761981296,1.4079050818203385,0.12020992137632103,1.1391408514614882,0.9478187821434563,-0.11954401476867571,1.9501296875098868,0.9207150677861469,0.24660406283854597,1.5649143365262272,1.2972910004413742,1.089306577119034,2.4311385493574273,1.2304639046564971,0.23889227143639324,1.6138775903449174,-6.85334560675647,-3.2715824571560326,-0.09660013408352608,-1.3618344129381885
2008-03-01,-0.16457795042596857,1.5245164076068116,1.0929212206074017,-0.5425662850126294,1.7040433818519283,0.017965837585761868,1.1252386610716743,1.2476839619690654,-0.5770417965988497,2.112110449534936,1.3396755666058118,0.11632428577217935,1.5215451665020172,1.5570353898407043,1.3564556176969749,2.764038923967895,1.5533438791944234,0.6042794227295882,2.325459801605093,-6.967898060991665,-3.5030772022947154,0.2530216372373255,-1.2378091466184724
2008-04-01,-0.7618272641761052,1.2230650663246232,1.0929212206074017,-0.5420890860571674,1.6373563049552295,-0.09269178635053255,1.3442522672358388,0.5207353020558141,-0.22996390054425686,1.8163574505223474,1.3310427445377675,0.5757792217927107,1.478680917937206,1.2184290806515443,1.152810070974633,2.004166195697312,1.3988348753992788,0.6731136349123883,2.1076986843741183,-7.081458001414745,-3.5272321311405364,0.42400813229048584,-0.33392893043807526
2008-05-01,-0.4702111807024494,1.620989131546012,0.9746479957024161,-0.08830111270669505,2.1376504312010667,0.19609272276253886,1.4476733777932944,1.130490665147838,0.28750645938191854,2.4674992438246486,1.806032367316777,0.9178073192521121,1.708027926454717,1.775628956103519,1.5167083594443103,2.34711036592369,1.6912460219139382,0.8833010227246323,3.1148005487293604,-6.819518389106186,-3.2165766378036054,1.1492914511817647,0.3201019039842503
2008-06-01,0.08105323405218812,2.0114857601916656,1.3220163952629709,-0.08759085226006036,2.4499191133107843,0.4289758779664501,1.7835255991497307,1.3329154038232598,1.1617357202779164,2.6437013428815144,2.110262606146061,1.2570394643212803,2.5170731528776944,1.8302972101719541,1.699182899438581,2.573671974479676,1.9324326392454174,1.0945492707608988,3.6728934909929487,-6.6327656831010415,-3.5092185652288244,1.7855030942741417,-0.09681730371119279
2008-07-01,-0.21043623207383888,2.2615159931170234,2.1294355337590614,-0.11286295252694245,2.4032403215551454,1.0556738618960528,2.022057495718525,1.4171899706291906,1.41843203483885,2.555723733717678,2.6564073444054186,1.737232463862021,3.066244952709388,1.988691755746357,1.6062941810232072,2.087699641112852,1.9731985046845693,1.3769819369258212,3.768957366327844,-6.339940021213156,-3.5092185652288244,2.1262470262704207,-0.01724714710088371
2008-08-01,-0.24239673836894227,1.9087592281886154,2.36183088841937,-0.3154101149844095,2.603222382493687,1.0725690276886715,2.363418803029231,1.2191278422658829,1.5137879985636136,2.9190580889549773,1.8252233389484323,1.9525785425389688,2.8498460789038536,1.839658317428954,1.5167083594443103,2.190680093772048,1.5331455008321995,1.371071192091085,3.2861945617872843,-6.321998997351322,-3.6823025061535475,1.8513545831120952,0.20712505542831572
2008-09-01,-0.15638612569594912,1.5601502726415903,3.1182360738864827,-0.3508551539402376,2.630917854910365,0.9215341832262771,2.1144690892864455,0.9105818453946373,1.421364557547604,2.897607311706289,1.8323289839142758,2.2909372438392697,2.436229758434086,1.8453732181578688,1.6028024494523034,2.056943013989034,1.3591124359943243,1.080796587570683,3.3577798557649006,-6.823511019953724,-4.348014560583593,1.372192937093673,0.6100844741442248
2008-10-01,-0.8592113685115237,0.6159233011720042,3.218047914483613,-1.0708453511590825,2.2592496054832942,0.6429966785817944,1.6608299958072488,0.5013058415134057,0.6472375310730125,2.611471780144485,1.1127127528016016,1.703466628915368,1.2072745728770737,1.5250534633269355,0.9335388312851993,1.6974553045648118,1.0531800507534874,0.7795929381103033,2.6453163366808505,-7.033237793931782,-5.018432728741153,1.0934592914511692,0.4755841691045273
2008-11-01,-1.845278081146116,-0.5233690514329217,1.0248074321022043,-2.053600805434879,0.7932068842742233,0.1277010638787237,0.7597189120474619,-0.5218003505609243,0.02882237583930336,1.8689256391628257,-0.11390632278931623,1.3461106798288216,-1.3188027862870957,0.4019844116105611,0.1765493950221657,0.3748487349293579,0.03527909080261926,0.04032753106906917,1.1214850862661416,-7.522727393360565,-5.849451267217578,0.8231130175335482,-0.3043899165339301
2008-12-01,-2.4358788857202534,-1.4553094974199778,0.10559015279509909,-2.934285219315374,-0.7514038024310601,-0.1767538848974768,0.42730863366352967,-0.7321451436244903,-0.7641146695456638,1.6917293118593841,-1.006944960909963,0.64225604269626,-2.2913174826563267,-0.34131331235610163,-0.769762808235372,-1.0688618625244932,-0.5819890102128142,-0.40483331460356275,0.6303037628998895,-7.903655549455127,-6.581982927397725,0.44566097383158354,-0.8391440345195331
2009-01-01,-2.9543829069542653,-2.074233079253619,0.22824211833061314,-3.1406139767497336,-0.37813249897944345,-0.19317520378766861,-0.13322515040411087,-0.9319635314589843,-0.8505188181047576,0.4663800890111576,-1.5579710352165117,0.5410459521120461,-2.3528505557562998,-0.9006866391789556,-0.8585570092882495,-2.163089906346958,-0.8720511880195745,-0.9981462294672934,0.3236013663864421,-8.10896958435691,-6.88067775384539,0.06874904272879778,-1.4822392703610507
2009-02-01,-3.0173657385571744,-2.219573884777083,0.4392766918803308,-3.297264382512715,-0.7685676017313838,-0.16135082223257857,-0.155175049847041,-0.7332835271304401,-0.5021906438737969,0.08879736837085606,-0.9118019055457411,0.638727523438948,-2.146785565640327,-0.8027220162114388,-0.768525013896701,-3.7533351063338753,-0.7120160469091261,-1.0017279299663269,-0.05341576810261284,-7.568358877739737,-7.002516200525601,0.4122732060765282,-1.2152254922776482
2009-03-01,-3.6954155008018112,-2.93917785967336,0.4392766918803308,-3.5941034451568648,-1.4340053268035327,-0.14710738324467432,-0.27261357839137457,-1.445652920250667,-0.6824708316049712,-0.7511542851538726,-1.8369566620173545,0.39935804598887925,-2.766991665800175,-1.4650089788838037,-1.3364970499681856,-4.842938960705698,-1.275461889771846,-1.4466929954778092,-1.3478123173790015,-7.216550737555242,-7.106589406531185,0.19785305511647966,-1.2291434761355955
2009-04-01,-3.7583377046760162,-3.038189624047795,0.7742853804084686,-3.924939159665424,-1.718567563281347,-0.29693385742918554,-0.716212986380234,-1.1407277859547922,-1.566343614795547,-0.9368559562881478,-1.8263957048828567,-0.19292788524933302,-3.122312298318638,-1.3741373251371434,-1.4316681855828879,-5.706506641068962,-1.4479163234386925,-1.4492820918058964,-1.3712291955558866,-6.868612222587803,-6.678386305373287,-0.09071686475172935,-1.6601991840248562
2009-05-01,-4.3912312423190585,-3.7454424853622283,0.9970026216909571,-4.388124836600731,-2.369460308394288,-0.522447889309988,-0.7202245762284525,-1.8517467380942894,-1.8309258389449259,-1.6762222394834785,-2.3859850465146843,-0.31923958109191775,-3.6724047758780767,-2.0056136211976057,-1.806621945744899,-6.9229706603012175,-1.833383974794812,-1.7453071505385704,-2.3400476092611724,-7.078542777824218,-6.281166985800137,-0.9124114711210458,-1.9332735068531601
2009-06-01,-4.815758444425143,-3.880064353496272,1.322540039091003,-4.35582379833545,-2.60302773691976,-0.6956059879048491,-0.7228842825245456,-1.7506769935393625,-2.1784527672698184,-1.7681765715123658,-2.373431418799023,-0.6710071694621509,-3.8197499692836114,-1.9954114977144342,-2.1784586356753817,-7.648927401918613,-2.067471691488566,-2.1113183389320707,-3.0738228298177708,-7.085762400149612,-6.370573352603994,-1.6369034655517885,-1.1802725735463024
2009-07-01,-4.767830789054138,-4.256867432185575,0.19745524407115456,-4.314691396216002,-2.859871833683524,-1.9140783008774784,-0.9392827142103171,-2.3555257602302975,-2.8726052437562055,-2.2302310635425497,-2.778340238487222,-0.7845790158548636,-4.5021519933566925,-2.2245578645054227,-2.364777482584765,-8.166103132284395,-2.3045980813427023,-2.6205931456705063,-3.661903752598813,-6.996116584300275,-5.000698107263837,-2.0047558704349617,-1.345327548658469
2009-08-01,-4.552103855532106,-3.6931151625579153,-0.13896297591884332,-4.1085288342036,-2.8242543282164903,-1.8256457264879709,-0.8309052737476135,-1.8517467380942894,-2.699743805315298,-2.4121985454392663,-1.8624271015004874,-1.019956531690863,-3.8781636739448313,-1.8530789285111047,-1.806621945744899,-8.26253914250513,-1.7582360461231858,-2.475771205716841,-2.74435788089212,-6.981351216224422,-5.072946638388345,-1.4707498026687267,-1.6222320336503824
2009-09-01,-4.891827059512497,-3.908255101398818,-0.8280804830054218,-4.170198819808373,-3.537807403789838,-1.7274786652417804,-1.0538277726612604,-2.053773363030669,-2.7862118758772825,-2.684945702791615,-2.08441510867823,-1.4781474822020688,-3.6772451369072225,-1.9667078326828522,-1.992767401917936,-8.877014622283461,-1.9403361062198763,-2.40280823736642,-3.1721473989955475,-7.26185601899855,-5.158308158582816,-1.4726698271926315,-1.9937530594613104
2009-10-01,-4.681087301404705,-3.541387474071324,-1.3849477258037974,-3.6691060429114124,-3.4447929972159166,-1.4063562616634693,-0.9436349240455959,-1.8517467380942894,-1.8308496952912325,-3.2394665540813454,-2.017723756948155,-1.136128227032501,-2.565711537939416,-1.8770569379778677,-1.8998786835025623,-8.8934526993207,-1.7905574216777418,-2.3303185411501044,-2.9427007126627904,-7.544755089101166,-5.337361055070158,-1.6474885670106927,-1.7459190746521234
2009-11-01,-3.8059259874542377,-2.5757637029266602,-0.4933068116614865,-2.904020467784079,-2.646575111308657,-1.138579225594186,-0.6123259517495887,-1.4460647721252269,-0.9586958926209601,-2.68958110749596,-0.7701066732707114,-0.9101394302888086,-0.5610899149606521,-1.015873034259924,-1.4353128377315034,-8.061640010251079,-1.180404708736694,-1.9662863608174082,-2.087502791187176,-7.461438251353428,-4.812806576127073,-1.2004035287511057,-0.9871828165582617
2009-12-01,-3.2593344605943635,-2.0869930242080406,-0.05006684706234621,-2.2736471012468833,-1.0747899093354931,-0.9982704283246244,-0.49849499536368125,-1.0452977693763128,-0.6029122856093541,-2.22973101480511,-0.318236403078644,-0.3427530406964583,0.3022682294853727,-0.7575722396046933,-1.0637288568233512,-7.247875974139681,-0.666385157408945,-1.6031472864784053,-1.702962155875162,-7.368556109982119,-4.538618015355258,-0.847882750458619,-0.9871828165582617
2010-01-01,-3.0969395376258184,-1.8552181883506504,0.3976527522167044,-2.5319681429208423,-1.336694211124744,-1.289412929206649,0.053603257248117764,-1.1421584370203182,-0.07679247580898019,-1.8607247458768255,-0.00728466345501122,0.12040453613687019,0.20913362217657472,-0.02143611730838857,-0.8734415335867691,-6.173645712745621,-0.48085683287698666,-1.312430105962063,-1.3530338646521392,-7.206871399802864,-3.727845299989365,-0.15198950581283466,-1.0875817338725877
2010-02-01,-3.010148290738311,-2.048173466562843,0.814431052384013,-2.1487168030399566,-0.759614361779736,-1.2840636879140641,0.02982075889265534,-1.3474487889944815,-0.34879962689279975,-1.6294127376506777,-0.5828619268589259,-0.3450750251160426,-0.26200643087846665,-0.111339723525534,-1.0627787827200503,-5.4215290942771865,-0.3041590450326823,-1.4594715284811084,-1.2680555517136396,-7.949762831199095,-4.455148098367925,-0.669722709205824,-1.3366502452370685
2010-03-01,-2.648019352761242,-1.4730650427649108,1.356437799317956,-1.0239558256947383,-0.805256283875643,-1.095812195333271,0.34549469735624516,-0.6432779694786224,-0.5243928629679442,-1.055887397620288,0.15800817844084758,-0.011256973445455731,-0.09509246826147866,0.35025012431965563,-0.14556842799546565,-5.17083816175262,0.0006540480206864707,-1.244254120522596,-0.32764709394822145,-8.414047469979572,-4.228697145105844,-1.1815535395005368,-1.5983916594300194
2010-04-01,-2.4914391055083733,-1.3848601711947586,1.2374119161327362,-0.15451111616317448,-0.9458164027849705,-0.9784815702064273,0.5623277169435044,-0.6444937354973252,-0.09121020448010353,-0.7253367904268186,0.1960564090350152,0.31763590456395674,-0.17088887868175995,0.32347639063773825,-0.05784632908902587,-4.300195189164278,0.09310813434965004,-1.1037671407341616,-0.19053727186660563,-8.697051266101688,-4.438061590025946,-1.0448624992226447,-1.7534663361728473
2010-05-01,-2.160322919122713,-1.1287639381645134,0.47386047392414854,0.4039007212089558,-0.502528560178849,-1.1536404371720907,0.2335602975242752,-0.6432779694786224,-0.532840162271371,-0.6710934760878322,0.29239466824659655,0.08375708547936922,-0.38185475860824347,0.060905272857086024,-0.24558880537554906,-3.168124328228981,0.05902486059566803,-1.2502210736124493,0.28525911922305003,-8.97316985966167,-5.007953671503653,-0.9437915262835679,-1.7647331241234507
2010-06-01,-2.0451498205216616,-1.389724282074968,-0.1892908482601814,0.2088287957331687,-0.7269130365575407,-1.2812297104169454,-0.09214276262364418,-0.9467724527089711,-0.9669922158910229,-0.8473846590716887,-0.22073528821529198,-0.03258949419221979,-1.3348424505759429,-0.5547290445894701,-0.15270008696017534,-3.044141945488264,-0.07993555710562683,-1.3228160175419763,0.4617168207848552,-8.888966783084943,-4.844028603118247,-0.9565821478842791,-2.279699759916541
2010-07-01,-1.3423739442348186,-0.9808700781989712,-0.17902541432217545,0.4665208532654681,-0.5730650742223666,-0.5031666770528718,0.23825608118103592,-0.7467768022853367,-0.10384856047819935,-0.8838703929994933,0.3455253734078161,-0.14099332163081657,-1.1550792088770603,-0.6222118366997995,-0.2388035872038703,-2.2894337255140766,0.08538878172249431,-0.9652806411799926,0.5709058860152192,-9.154348593098774,-6.050224961429098,-1.110732445857578,-2.912741273770779
2010-08-01,-1.2518640298609256,-1.0774098995416272,-0.17488749503771173,0.5077688058588166,-0.7743762190851591,-0.6277422049996071,0.4474641223992366,-0.8487300138380445,-0.1895019492050356,-0.6589404025725569,0.10840124447464117,-0.037862928014992026,-1.2411334016889288,-0.7467296671430488,-0.428071989868803,-1.9118410605800311,-0.19678146853573475,-1.0412317428917834,0.3270401913202301,-9.236016010374573,-6.283530333460465,-0.9635385008005555,-3.0454848420857648
2010-09-01,-1.2619740371948112,-0.7720413387372629,-0.29792746948222826,0.5399662620867502,-0.24204331428798653,-0.5376805501979307,0.5488850734682567,-0.6457070577304098,-0.018268473999900836,-0.2937870066291941,0.251856630878609,-0.037862928014992026,-1.2454993726321053,-0.7571538087856331,-0.24727997021331838,-1.785023817428009,-0.024467453152111407,-1.0378229230783393,0.9024646262629696,-8.619546142237692,-6.362779587850778,-0.25919510321250794,-2.3101136254027974
2010-10-01,-0.8924065336939329,-0.5732708414026524,0.03219318469511778,0.19596520090579617,-0.17327667721744788,-0.5390507942325238,0.44233205326441993,-0.5458483286513822,0.4957590656375952,0.658575808812782,0.44904041763313796,0.06994543369692208,-1.217323221642216,-0.8460398541300604,0.02556806700118308,-1.4064678171385663,0.005662564962315653,-0.896409802938118,0.9975572404696296,-8.184038953963682,-5.951759602233633,0.0063800885114355665,-2.3161072033055827
2010-11-01,-0.9526713865583218,-0.5720730307288937,-0.08292935428055825,-0.08105511729829473,0.18109833975861278,-0.5592411448721721,0.5488850734682567,-0.3449387550969736,0.05870589366279577,0.813796620453215,0.19061185686874804,0.17453545040314067,-1.246010602007205,-0.799096235601555,-0.2506531944327346,-1.5321763495313871,-0.01756503801390119,-0.896409802938118,0.8617228695556287,-8.365919809119418,-5.880010412569394,-0.6650608703651768,-2.5633284894371986
2010-12-01,-0.7287936754255746,0.06534954480349331,0.6637237900318564,0.1626573906175217,0.6624774091432926,-0.1901799512378597,0.8739040010449601,-0.5549670160495286,0.4065334414484798,1.13627437821268,0.6365972950751013,0.7127447674194545,-0.8980349545478408,-0.5215447060985154,0.1986781919540963,-0.7733064922115322,0.16707007407626895,-0.7580837445920903,1.0915466942212158,-7.93056908350939,-5.386815445115936,-0.6213981607579262,-2.0814057191237065
2011-01-01,0.3272964215437675,0.33891852794495225,-0.0915112957355464,0.18865541799127428,0.7783084316803865,-0.26583875743359275,0.7616511111799769,-0.14915731639896745,0.4005440101603017,1.3156294294703814,1.0168497603853615,0.9342858559954261,-0.7640125585592319,-0.7616892728775702,0.38596506701853706,-0.5143549731909762,0.14994701783926834,-0.49354330577470584,1.205126864293363,-7.346855072255401,-6.095447150907898,-0.2267758958377959,-1.2177902738644928
2011-02-01,0.2884590086451162,0.6482366770488399,-0.8637977111750845,-0.5870111093743517,0.7866804676384795,-0.22456735016017948,0.7301205426061204,0.04167309966174915,0.22142459719281393,1.5994995700698107,1.407907618139002,1.2524982708300771,-0.29700770253956144,-0.5310205603904115,0.8914371772568845,-0.02059762247045116,0.06734654005638907,-0.2697148144687507,1.3603745230827444,-7.353253894212944,-5.943851098065913,0.2536973470468533,-0.6092212147096863
2011-03-01,0.7309732905834494,0.6539128422708638,-1.0840883629314564,-0.47965416258903204,1.2236929771851877,-0.2785683500716205,0.7132313324066759,0.13047741364112286,1.3161652729849525,1.5713581095791058,1.5686885196059412,1.1285670404298567,0.26358553600151247,-0.040562823933038894,0.960518792778478,0.7211238980607066,0.39174449055018234,-0.16459812533703833,1.4949918590284748,-6.681393165276553,-5.491277541940622,0.4400843236276524,-0.4948923900102695
2011-04-01,0.7450341414406942,0.8310471230444358,-0.7661670703323682,-1.0280365519241101,1.6383764813305177,-0.08223785649898208,1.0227748637413976,0.030429590612352397,1.3051902607787145,1.4348696067736961,1.568607449118729,1.323937730735675,0.7319292205331482,-0.781336139445161,1.1711544021856728,0.9641233373516651,0.4798479016489323,-0.03417153431163733,1.3892866215220154,-6.615652253692975,-5.4375098798926125,0.13576989308805398,-0.7679517631722685
2011-05-01,0.5583787643784106,0.5767040111411257,-0.43855256639035956,-1.6447454401077692,1.638786456302622,0.03568411797459614,1.1266709769833279,0.13047741364112286,1.7124646364545402,1.6134154890117864,1.4354634632414358,1.3158482611983326,1.1237459893504695,-0.6715144729418319,1.1766051189739084,0.453880207818393,0.41554386370613505,-0.008224973648244926,1.324110624983935,-6.290600136111038,-6.106920113745886,0.22707106349739536,-0.782397915056686
2011-06-01,0.13578277772130676,0.25696594379645976,-0.6507182372195603,-1.5969849053377665,1.384789600862991,0.02447736656621924,1.0258944323498982,0.2285730623389941,1.1329243850271051,1.8035836254894173,1.3619911528121902,1.2049220157696996,1.1142720747575527,-0.4770804728623743,1.1766051189739084,0.4571457084206716,0.5086645185243035,0.08928498712702115,1.6466571061794975,-6.975024526409538,-6.507908147797572,0.5212450305977372,-0.6790117811406358
2011-07-01,-0.10927316667896747,0.16784908005163945,-0.42806717427952234,-2.511551463016975,1.645036374768317,0.8097641972941352,1.0290205976840534,0.22445952117867196,0.7847172568713521,2.2055551955232717,0.7678435587713954,1.426897689601009,1.1817416720272842,-0.5689423323086926,1.3484995335575594,0.4571457084206716,0.34885198899289227,0.023731190317073825,1.7177172522329451,-7.13712634087155,-6.988547734407593,0.8009879382776512,-1.399557055449817
2011-08-01,-0.3488383530681354,0.039693889197477183,-0.7479921153702658,-3.2262554778303247,1.6705177035517558,0.8159875738071056,0.6007544184839881,0.2223981476248642,1.1200594808282769,2.090016176893454,1.1166274177597506,1.4103329747719608,1.3191441668393953,-0.8477952321600155,1.3590883034671624,-0.17543472686748318,0.63356578089545,0.10094948581423502,1.5702488389531952,-6.696392466899162,-6.493931967141755,0.9692361544111998,-1.2981947933394675
2011-09-01,0.2805223376663797,0.21452714888937496,-0.5420816159975135,-1.8733853820630912,1.5284331180628783,0.5551562816131641,0.5927668790413216,0.517575582495861,1.19789294818307,1.9544843136633334,1.189063123201282,2.0472778033199748,1.4127242350639921,-0.5552125069864309,1.4712190258389573,0.4441326309892264,0.6351800862693593,0.3148523021707721,1.5284320098756163,-7.228295821657952,-6.4087816813030685,0.08010046240174251,-1.8970547235674804
2011-10-01,0.8999746831813056,0.0905959156308187,-0.757841975369455,-1.9269897619392289,1.2126447557213602,0.5105903964505911,0.8031081804871372,0.4177168534168334,0.936788332649434,1.8062088654093573,1.2274749461181882,1.8262832382397067,1.0817941112280547,-1.1524044813598542,1.294572935592944,0.5632250168619808,0.7457169356383289,0.680651078432744,1.544314701928987,-7.079731041809026,-6.106920113745886,-0.10989594581334483,-2.021326347224038
2011-11-01,0.6454902441564343,-0.04626043822287951,-0.974761800124035,-1.9932658691457377,1.1173628598902816,0.32293593985338287,0.5927668790413216,0.5128959476500998,0.9343929190268649,1.6254333679612083,1.400564862244578,1.7071209940233092,0.9553471773840503,-1.5669657751863417,1.4815454043434233,0.6889335492548017,0.9074485605273899,0.5842689443333509,1.8077618710133168,-6.497571138368855,-5.8051111782043385,0.4798443371495802,-2.138895130473882
2011-12-01,0.3352976747331944,-0.5286352563222421,-1.9452346964232698,-2.494902191284936,0.6134545465652295,0.2856310908718376,0.48632727346264293,0.11103394670560252,0.35371747712163315,1.1816775319868507,1.0352128782758134,1.147172326975482,0.5366884977925732,-1.7571139633754405,1.0391303768541054,0.19288378522229932,0.8555033450199914,0.6137816194255645,1.4543463084128492,-6.516764959314983,-5.97807089812429,0.464008558568783,-2.620817900787374
2012-01-01,0.2375587704437372,-0.8997202805259077,-1.5144335225994783,-2.5878959950814178,0.19629852077913768,0.34141617004324853,0.7945092068464428,0.2122050710014871,0.5138348432671289,1.4479729291396,0.7967419502889355,0.7218913497221204,0.500558167310464,-1.83241002966364,0.6489735929723377,-0.04726419966539597,0.7485040230171705,0.49250323147212605,1.619446093582103,-7.0635061301865285,-4.694294442266802,-0.3188791922408525,-2.7409391928907443
2012-02-01,0.32360641128659395,-0.9231276256176271,-0.8777587046435715,-2.8046830186116694,0.2488949532571958,0.34450283500092294,0.7634371444002293,0.2967781814236463,0.6728847201162889,1.3914806778896045,0.8969918538477044,0.7053011220146845,0.44795197497068706,-1.927240170747064,0.4388306679362213,-0.06553916820358596,0.686612275208597,0.578905306503648,1.6295123739473647,-6.8233509038182625,-4.257668505556236,-0.6221831211205915,-3.10043974068107
2012-03-01,-0.11299664978907487,-0.9976052891000355,-1.305688298919438,-3.2200384956419796,-0.14735220924821846,0.3486583700108872,0.6451078376856474,0.28425130408492083,-0.010161989830099971,1.22419517056304,0.5155998965960178,0.5906647733741113,0.23416494868874516,-1.9987281916311892,0.3149328172690229,0.037482357038100655,0.6989216098522646,0.6615628003841483,1.3386556005915127,-7.269719338588235,-4.6209904652765665,-0.9822736392193461,-2.987067431493161
2012-04-01,-0.25213076262784284,-0.8392095126695045,-1.7333788977631488,-2.996075354889321,-0.35637113085329375,0.22145249916039855,0.2284405682010311,0.09195811081613203,0.06539443423645852,1.3786214367186895,0.5490956338154644,0.3603084967728267,-0.10606050928879363,-2.034263749254423,0.20897673420774687,-0.2118168107877776,0.4890249969834328,0.6457852738706986,1.1690317252559455,-7.2070228612403895,-4.429159850131672,-1.0895419153951442,-2.7646669261105803
2012-05-01,-0.5518423514121444,-0.9540125276047986,-1.5201592007790583,-3.499696240903976,-0.6249005255712028,0.0012988418821882064,0.2262221454677844,0.09195811081613203,-0.6820344245192136,1.3395642564282868,0.35239690443955407,0.1461756526384863,-0.6927957819914479,-2.058634367787688,0.017756056573661638,-0.45574243216913546,0.38675467389760376,0.5481801383584521,0.8050160402495985,-7.634028292966569,-4.891018371141911,-1.1030494533675457,-3.119910497869581
2012-06-01,-0.538729089971433,-1.0000014105927226,-1.7316740336152487,-3.5870452525630085,-0.6351742411884622,0.011537004819270003,0.23066355847235887,-0.19882188353541008,-0.4268148705702093,1.1151085071335816,0.3647367606001799,-0.16714053056518496,-0.7323978005562584,-2.099199368956734,0.11232052219092559,-0.4536476076132705,0.3345448947204779,0.6395310971655537,0.26009394218679294,-7.051134187351874,-4.578964016041933,-1.4379100794119877,-3.824455357500854
2012-07-01,-0.47965679384262927,-0.6956575426924863,-1.837766077545488,-3.5511474158089023,-0.9757222933900458,0.1675360057717148,0.3347760093134129,-0.009726453876262697,-0.6758920672010629,1.2075838787298716,0.3456841651112468,-0.06259269040992921,-0.9840677009688239,-1.756492862327603,0.021775079619581916,-0.5747876873796725,0.3429818437377654,0.4418413229466527,0.328511857784922,-7.200705468128202,-4.3369947058949165,-2.1446744405025937,-3.4708864950354954
2012-08-01,-0.18263236752917678,-0.25848399809817035,-1.7289080178072065,-3.154938252871336,-0.9057088031777063,0.13281887837100737,0.6398092910757365,0.2759875918809722,-0.6789708575243705,1.0088969270838506,0.45516809983505535,-0.07238593063367249,-0.704469706816754,-1.493898169586034,0.11232052219092559,-0.09360783164323694,0.4848085038568697,0.5270210328406204,0.8461064227450885,-7.5269697046794235,-4.107680842642427,-2.3523196052692503,-2.900702502415685
2012-09-01,-0.3730472597911465,0.47692072894417326,-1.5184543366311583,-3.980791549923495,-1.2027039731546054,0.18691879271695822,0.5306363835906476,0.17632504795415715,-0.7639683262532462,0.9885814924432674,0.7792569303050483,-0.3976421951563833,-0.41097927055918326,-1.452129788446028,0.5736545558306521,-0.5825321829746248,0.31429583117047377,0.5270210328406204,0.7480652780575001,-7.529870309334733,-3.579794610558764,-1.5436548475421104,-2.6656927630597114
2012-10-01,-1.104921154885517,0.5379233230906708,-0.9862502559617954,-3.2704193463697955,-1.275801170227652,0.7322134017841178,0.42684810234866877,0.17632504795415715,-0.7658682588735435,0.8886298253853271,0.7649211071302657,0.01643707144681228,-0.24338997458504785,-1.262206501877101,0.6647221707713395,-0.9480145597079752,0.25933754631482975,-0.05268055977788855,0.7740690533961123,-7.796497703527031,-4.143643309262526,-1.5408339524663601,-3.013934314123988
2012-11-01,-1.3411579500758535,0.009465298998155625,-0.8802619047574285,-3.9127944699309296,-1.7566950635657044,0.6273462386908149,0.32779655745135816,0.07695204023621716,-1.0944175547367554,0.4939705567665138,0.37985941152120883,0.011418924298417732,-0.6339338980372613,-1.4158619053909425,0.6621161158570725,-1.31098543629987,-0.16994831452968961,-0.14427183377122965,0.2716993753134753,-8.384687950677275,-4.922089054689351,-1.9917179147926474,-3.359333759643844
2012-12-01,-1.3119404347323709,-0.050419465881858194,-0.6700929388496308,-4.08036706219918,-1.7024848321851351,0.7479688127883213,0.12454445495910083,0.16852045190019527,-1.0896402570042387,0.6538717231317088,0.19750064871628492,0.003930852305195298,-0.6566488119095073,-1.4751594693166956,0.6569294048401257,-1.0661845180342948,-0.25621291236447385,-0.34129149467826814,0.24061396206839536,-8.719643145443992,-5.082575582389595,-2.1939895500852975,-3.243390604088768
2013-01-01,-3.0382900933580075,-0.23059665887451697,-0.6671471537580405,-4.674878774917939,-1.6003295682888599,0.8218193790888142,-0.6977116722233516,-0.21158008830299235,-1.4222777110770093,-0.06092174412957885,-0.023710660856914423,0.011418924298417732,-0.8004088157897851,-1.3099608526505,0.5761824026149025,-0.9390808434907787,-0.413776922558585,-0.4414509105267346,-0.5171444617348611,-9.300760721780424,-6.280286379562519,-1.9944762778860499,-3.359333759643844
2013-02-01,-3.239222577763588,-0.16148624083441998,-1.1014796376704434,-4.812205353918724,-1.8173510046850296,0.8514776147799799,-0.7114990705631667,-0.3176833637697325,-0.6881266530767551,-0.023136146762666066,0.1850977114427037,-0.0010352861884830311,-0.4240688580720988,-1.296328996182334,0.376680985013758,-1.0701906568962731,-0.5397885570412329,-0.7301837518127225,-0.7860812040184042,-9.71245294116764,-7.194212492189003,-2.0392164958192422,-3.359333759643844
2013-03-01,-2.7598692614548597,-0.4799931596437892,-0.6803052482824863,-5.089471595947142,-1.6961077102198843,0.778073242069385,-0.918871990144317,-0.42109787069834437,-0.9369535962511624,0.05417043119601406,-0.14557777893589208,0.09632095181644784,-0.9195522038932449,-1.6351630308938445,0.16593379986653822,-1.560278664375279,-0.6084618231125725,-1.0190578246954392,-0.8586682547586291,-10.042182287478344,-7.730109772932217,-2.1600708437478984,-3.479894654475922
2013-04-01,-3.029972884492647,-1.50229025383556,-0.2637784038656217,-5.477754159485009,-2.112324839692924,0.46297162026110694,-1.1204849616627781,-0.7034136879820292,-1.5098266124588602,-0.14606170688072506,-0.38398128184578173,-0.2221292287186647,-1.3252214335857406,-1.6762865427327809,-0.12013840401048093,-1.681125967191797,-0.8907979237433481,-1.4927612240775918,-0.9696337981214134,-10.208872431145469,-8.335769631011516,-2.2891335382414075,-3.8352976936879433
2013-05-01,-2.508210985432811,-1.170646942215682,-0.15955744602127409,-5.329178299971431,-1.8675413694930967,0.6289207591959913,-1.1213053566829627,-0.3235444155651852,-1.1837586167738625,-0.13693838727169716,-0.46249189030038895,-0.018255559733909354,-1.0299189089094742,-1.5485643106908873,0.15961484791755787,-1.6805944080792483,-0.7798823769637928,-1.4927612240775918,-0.7890518477858235,-10.452019458738185,-8.184619769578774,-2.4679981436174243,-3.720155523374734
2013-06-01,-2.237711400186136,-0.8362067914687534,0.05965248688006897,-5.266024595085799,-1.7948092109265836,0.7334728037616669,-1.0187037823927119,-0.036120331775884695,-0.7734161370135564,-0.2675609888742896,-0.05691572253707822,0.09118695448500658,-0.6434799880508404,-1.1677719236842086,0.06505038230029392,-1.5596109140702734,-0.6496471563501758,-1.4016405231899771,-0.38596086120033757,-10.61422533431086,-8.038737250223651,-2.4480499322976597,-2.7992713105881126
2013-07-01,-2.457860303365809,-1.1198613801528436,0.9045623777216965,-5.573844676869005,-1.5462720313303748,0.9170723352070445,-1.3218874406047147,0.05126923880114975,-0.6098771470137667,-0.0979992188811023,-0.2723193352835347,-0.013360885670249179,-0.44098705809648386,-1.0426005008483072,-0.11459382690210695,-1.4384708343038715,-0.5147424591355318,-1.4027823869435725,-0.4686264847857471,-9.80449557582618,-8.25831974034731,-2.0074851133789613,-2.4569375877159114
2013-08-01,-3.0596854301164527,-1.370433966376118,1.230096130231129,-6.167573837598955,-1.5560205871654844,0.6713079030626536,-1.525757334882612,-0.332242162481305,-0.8564871919205477,-0.44371570032034224,-0.349986117764602,-0.023130098640561148,-0.8757400578502352,-1.084460621654488,-0.30566050088591545,-2.042729008605147,-0.7117638480942277,-1.407348716339511,-0.9631509455848422,-9.800552008356803,-8.629762431554724,-2.115580452568568,-3.3882261312259008
2013-09-01,-3.0974413924179416,-2.5372868146865803,0.5752231056550987,-6.007557911624033,-1.5722029548812735,0.30736243725476253,-1.4257195948058259,-0.42789832434645914,-0.8582184340858181,-0.4855145809942689,-0.6081597209050011,-0.030404424543001074,-1.204731216158125,-1.0952750401503961,-0.4126570180100959,-2.042484067105353,-0.6996333839028765,-1.6860599554758533,-1.0745732099134733,-9.801540300047332,-8.635625374800462,-2.6343462589835793,-3.3882261312259008
2013-10-01,-3.4596480115096178,-2.97788492552339,0.35739672333292605,-6.889852171983673,-1.7088958153150138,-0.5632378175588402,-1.3249639187758637,-0.6165734471267055,-1.2656254418202242,-0.49651622708342824,-0.9416555481232232,-0.3432178597075617,-1.4236914833541139,-1.29538557813323,-0.6921367368242866,-2.042408447879183,-1.0122955053830993,-1.8722331502707785,-1.335501267569902,-10.04771220124853,-9.07944912991562,-2.7527143211451905,-2.817161431070746
2013-11-01,-3.3665413609931676,-2.646482495964654,0.3548744962061261,-7.776180342779931,-1.5273741540662513,-0.6484336960154744,-1.3237370641550354,-0.5234528347882457,-1.0198236266108343,-0.3167969613037185,-0.8703688197109445,-0.5496162817926806,-1.1532108591411596,-0.9601073802206825,-0.6934300127678679,-1.8001190297550633,-0.9007825188605332,-1.9642413626480266,-1.155002661151502,-10.290140131808748,-9.004225040294802,-2.4162022481288643,-2.8083070814001285
2013-12-01,-3.0178750468149644,-2.626505354538046,-0.06588433192913312,-6.60588366858687,-1.5117626755417604,-0.4633242335909147,-1.2214440817980359,-0.43328424537988863,-0.6881266530767551,-0.07872592244247567,-0.5653635567972843,-0.45437639694980136,-0.8921189143632571,-0.9728025832553675,-0.2370940081745072,-1.9209663325715813,-0.872825143733936,-1.9654699418734918,-1.0055085831300294,-10.290729260986367,-9.597132107795971,-2.4729996811511574,-2.810528290196844
2014-01-01,-3.1544625341603165,-2.680017787191548,0.14553223730438036,-6.362462379070848,-1.8441287640017947,-0.697721458477699,-0.9147574707247434,-0.5209172852615513,-0.44513193150987473,-0.058931626770848844,-0.571889753692802,-0.6508821132313156,-0.816077688968905,-0.9853299384404777,-0.5034063606995627,-2.0415180481938227,-0.9297096203804487,-1.9666938646266825,-0.8359218280402727,-10.291317438024286,-10.042949791388391,-2.535198093639603,-3.378665301963389
2014-02-01,-3.2958242560547006,-2.895489113080475,0.028882140020325853,-6.0375835826231565,-1.8688393222729296,-1.0529368546633586,-1.427246976949255,-0.6224136532724185,-0.7836103305240496,-0.3989041163647249,-1.2397327896419137,-0.7605725736225364,-1.262635357892469,-1.1810173426938084,-0.5999265799192717,-2.163089906346958,-0.6606009231974306,-2.1535173074548926,-0.998356920948015,-10.210834615871637,-9.895113882508557,-2.6025826047505047,-3.493168312066418
2014-03-01,-3.579266634811116,-3.024726051457928,-0.08031736080136254,-6.238321837306653,-2.276469981074957,-1.2850670239391713,-1.6293670260024333,-0.81547075531691,-0.38399915017132824,-0.624695184030684,-1.259869067149812,-0.8661795058011177,-0.8818146646491467,-1.0370649494070803,-0.4296073421939024,-2.0430181672205987,-0.9663006887767787,-2.247461583620984,-1.079110478863007,-10.292490944899427,-9.89527750925955,-2.326203514211868,-3.496144947066769
2014-04-01,-3.354136033079012,-2.5121285458835088,-0.19280071863869663,-6.2379947655413375,-1.6929303729913627,-0.9145662949326203,-1.2271521817973712,-0.5284749101490622,0.09886918240389764,-0.6262149297493762,-1.3207458246899302,-0.7688103148386358,-0.4486642413726063,-1.0018156531128872,-0.4311091221979009,-1.9229911268579518,-0.8555423703255358,-2.0613816415759363,-1.34728781004437,-10.696531497496334,-10.042677530859692,-2.122551801710972,-3.8437924008316013
2014-05-01,-3.6523697235772516,-2.672588521136933,-0.19471987727959172,-6.860552497866983,-1.8043453438609127,-1.2759256498919322,-1.4282601122484655,-1.0022829256892625,0.33275811469164895,-0.8924494478638705,-1.0682116832785988,-0.9726839838233912,-0.27793505123060136,-0.819193494871657,-0.34320291765743427,-1.8026753831539826,-0.8958797317644938,-2.1544383304055987,-1.6070970019626065,-10.6962719798574,-10.116486135405935,-1.9581750689263506,-3.8448234292463344
2014-06-01,-3.6331848312587383,-2.7925262105614648,-0.18895048008387105,-5.978928686469914,-1.4225378514833622,-1.172008037625397,-1.3274028167599665,-0.81547075531691,0.412218048806827,-0.7541002679465185,-1.241538348959172,-0.5682084421520348,-0.3314876810107972,-0.9902703500932317,-0.25233338800411964,-1.6828914166062785,-1.0964102457136868,-2.3413632620459186,-1.6973306389121836,-10.6962719798574,-10.263605716505833,-1.9646627978940918,-4.191411153480283
2014-07-01,-4.089300907707692,-3.2198078017211875,0.21111268311422338,-5.563739425069663,-1.610149895612011,-1.1997567878137803,-1.22502243887251,-1.007066428181241,0.17196694226382792,-0.845774579596255,-1.1102848594713572,-0.7688103148386358,-0.40996278664205654,-1.0078890855662002,-0.3351869962056693,-1.9227024235166295,-1.1149902008880894,-2.527569892455121,-1.6279515563793003,-11.17962312026927,-9.82168617226872,-2.0327708126465245,-4.420152109513774
2014-08-01,-3.573012340833646,-3.3723853534801576,-0.0925226277103337,-5.178298790601293,-1.8046934098312697,-1.1486442489861668,-1.4267388765587823,-1.007066428181241,0.17196694226382792,-0.5413060296289478,-1.50370777124962,-0.8753907472065667,-0.6973575540858281,-0.9680972066468405,-0.42808241577800565,-1.6828914166062785,-1.1370503523388096,-2.7133773363149967,-1.946688840889851,-11.261016769428359,-9.821259937501239,-2.211589047770814,-4.761218927283638
2014-09-01,-3.586902150265246,-3.0327347002302565,0.10267622158117762,-5.72478520753214,-2.0300731281369657,-1.2191272596482259,-1.4282601122484655,-1.007066428181241,0.08915183373763713,-0.35336903343877335,-1.7646373783210452,-1.0797549519710512,-0.7383840695368651,-1.1274991633561113,-0.5308982468039876,-1.802341525774818,-1.2860451658258563,-2.8067663404654315,-2.08647939044356,-11.341694386460613,-10.48551259148022,-2.47006371230374,-5.102674054990862
2014-10-01,-3.208976677007545,-2.973821883707063,-0.003106395561491393,-6.5716304441818245,-1.769384067062262,-1.0562474074779091,-1.4287651533158323,-1.0991627420361578,0.412218048806827,-0.6655739835491685,-1.794067330163231,-1.0810707501014147,-0.7320670893526806,-1.052571685650234,-0.5294751217977929,-2.042484067105353,-1.1254576636952849,-2.5274432040909662,-1.876828111171366,-11.502854616357553,-10.41284401181123,-2.466595286794095,-5.10161085962436
2014-11-01,-3.1940076081415896,-3.25130581762222,-0.10657251963905834,-6.135363023819512,-1.8522701194541682,-1.1517605753607194,-1.4277540544839722,-1.2878378648164042,0.01428548098539184,-0.7098417293516972,-2.025095507854126,-1.281070816768065,-1.0690025107309733,-1.0985063724266395,-0.440203595485686,-2.163089906346958,-1.2554784272516337,-2.433848316803237,-2.0765004092308272,-11.503637580599882,-10.71037255969646,-2.6491597808553164,-4.874971031456431
2014-12-01,-3.570601352623857,-3.925689536346545,-0.003106395561491393,-7.52274361590019,-1.963213155684084,-1.4043218145506495,-1.527800027151101,-1.6641335727096636,-0.4618069125563242,-1.2073979395981942,-2.7108389852089205,-1.6851117704685667,-1.6290444802778605,-1.3687706395879415,-1.0832845870568182,-2.405213480122335,-1.516597166377077,-2.6205931456705063,-2.3460202174425318,-11.908925447452582,-10.863901500160935,-2.7800041779129776,-4.988692978214791
2015-01-01,-3.6069686850535447,-4.20655308823802,-0.003106395561491393,-7.759231876279554,-1.854151937665204,-2.1033773942074427,-2.032189767429389,-2.135438724813537,-0.9480483947231957,-1.8330912995653774,-2.4513324972343726,-1.8829721216974957,-2.4720811184203964,-1.5263280919405828,-1.349602308934836,-2.7724730784360756,-1.9603444363602294,-3.18081892546566,-2.615526321995673,-12.152206899899657,-11.45934742069933,-2.640628948160308,-5.21996961713692
2015-02-01,-3.4204284634223185,-3.957713726645852,-0.2155721014344354,-7.064560346905829,-1.574893055990433,-1.9817105435505775,-1.629972464657821,-1.898320865306052,-0.8760511215000168,-1.8308776139417686,-2.005329618658071,-1.9854586239761827,-2.4078223932729816,-1.882960940844287,-1.2303049600608436,-2.7687820808968238,-1.8476342324167292,-2.7138299372732195,-2.3648425505313844,-12.314156040137206,-11.009120703321997,-2.966187116877374,-5.797517503879211
2015-03-01,-2.903300162577203,-3.5443799020174707,-0.11845592468633326,-7.046314946200887,-1.48544390639913,-1.7418223152015608,-1.3304239739237849,-1.6771098826212356,-0.7233869072618095,-1.730342629712374,-1.8551779170277856,-2.086619552894103,-2.4563542463233414,-1.9183719045569545,-1.1329175810994325,-2.765125584628479,-1.646556138295486,-2.7137430872500463,-2.364594835047437,-12.23170781695108,-10.634957806265923,-3.1405803037858133,-5.679668792217717
2015-04-01,-2.8158519805943953,-3.51502672888694,-0.12629788039166767,-7.010583984602963,-1.881284522677106,-1.5640233100463172,-1.431275214897794,-0.9892488917456472,-1.1225963962000887,-1.8870676296787918,-1.835254096605234,-2.0875268004410583,-2.5824051964118713,-2.168755678686713,-1.0242818569021512,-2.8851526249911257,-1.496890877948632,-2.7136498345001687,-1.6782623964591705,-11.825698732042792,-10.338175989293088,-3.1747019424946528,-5.218870104909433
2015-05-01,-2.2630928404206756,-3.0617748260482704,-0.027997806908519163,-7.053798187746867,-1.5878720369046242,-1.0040259265186622,-1.2313733509612694,-0.6959414829401152,-1.0475123463135685,-1.7193000335471735,-1.4463237094200183,-1.8875267337744082,-2.4225516856691467,-2.22877178648398,-1.0980580947164338,-2.523504429539934,-1.2778050275003126,-2.527536456840844,-1.4098948855326112,-11.745280632649472,-9.453791049997786,-3.059373614606133,-5.103843966898035
2015-06-01,-2.413744356343848,-2.8221591536816595,0.5793723971641467,-7.061057219439942,-2.0847364429995565,-1.1107387728899996,-1.3310245799351987,-0.9774933914480972,-0.8908738303183352,-1.7928192392551905,-1.4175458052345897,-2.088128606461009,-2.2590607904274,-2.082615540302763,-1.0893672746141032,-2.402900913257309,-1.317502705890162,-2.4349385953638265,-1.3410471276435656,-11.745280632649472,-9.380848314460923,-2.9110846016968024,-5.216785196889338
2015-07-01,-2.4490305604671008,-2.8099484763492013,-0.2377925177677649,-7.136668041940613,-1.7249677103361662,-1.1583318130556828,-1.2299719313232442,-1.0591934632788675,-0.6533149995998369,-1.9027963452502865,-1.4507409623251606,-1.9874767670826796,-2.21321822914898,-2.324066398293551,-0.9416449752493978,-2.403477389177287,-1.4066057494188997,-2.4346660971786545,-1.5102608616740367,-11.665320210676825,-9.528193979140678,-2.87744685746454,-5.102285745053502
2015-08-01,-2.5570307093717197,-3.3008515289662546,-0.030044822768803936,-6.351207168223166,-1.8208739978238455,-1.3957449999974978,-1.3292191473886232,-1.0591934632788675,-0.6533149995998369,-1.8694547670598487,-1.5469667761053758,-1.9886779754984372,-2.187769669056058,-2.452292795155559,-1.1416816649960833,-2.2828738728946623,-1.5268613144358576,-2.435110773645059,-1.062332599265278,-11.667944932481348,-9.89527750925955,-2.912230528484929,-5.216785196889338
2015-09-01,-2.341657942632434,-3.7615226879275445,0.05721251418640039,-6.614858592179889,-1.5815476100535122,-1.5646152409695278,-1.4307752116477905,-1.2582648280832605,-0.8900514597437639,-2.2694854138466907,-1.616184646544629,-2.1884786405694077,-2.4188440939823277,-2.4939335664717017,-1.3793742274501337,-2.403477389177287,-1.5466798289727977,-2.434419950875581,-0.9131767259388992,-11.994209169032569,-10.339513624689847,-3.1074730391029055,-5.2183469770010635
2015-10-01,-2.581672863724414,-3.5873195238926305,0.35256708869386744,-5.8028107137441935,-1.5624396071682192,-1.5340874671847446,-1.6308760795693393,-0.9774933914480972,-0.8908738303183352,-1.9362289284469218,-1.5651685366326236,-2.1886780421650873,-2.2122369514277676,-2.4090116398640955,-1.3882463774067073,-2.2836957455885636,-1.516687337679946,-2.3416428439632693,-0.6975145017933029,-11.912543260309786,-9.820882149472823,-2.8053978893116023,-5.445299094605259
2015-11-01,-2.5715001554913,-3.152614729699134,0.6491565300316364,-5.6230430232621025,-1.587877368630707,-1.5006633647550425,-1.6302742735493885,-1.6771098826212356,-0.5715788260375068,-1.9237430437097762,-1.2742780404824368,-1.9886779754984372,-1.882143587967219,-2.4420907219175287,-1.4700688787684353,-2.404920703172451,-1.5366191810243799,-2.527356354067793,-0.4594233316590559,-11.8322659748933,-9.449544836737847,-2.7932394542029355,-5.676575733527388
2015-12-01,-2.8165750901429014,-2.860283099176576,0.2535081405242505,-5.048761781417859,-1.5974451746872944,-1.4192012672857333,-1.5294194144559752,-1.6771098826212356,-0.3244837340954778,-1.9153600194267666,-1.0086566680890714,-1.8890267465245079,-1.655823524891117,-2.356797140337969,-1.0720251336899995,-2.0419498265805562,-1.3966092481859769,-2.527356354067793,-0.4775423438555384,-11.671122858565411,-9.074162173736013,-2.4845150249350985,-5.676575733527388
2016-01-01,-2.435558348566545,-3.166352483268965,0.8463952527520751,-5.618596794862778,-0.8854508824869036,-1.5344436234748047,-1.3255754890743559,-1.3454199259704087,0.0732025955800839,-1.6460881425250333,-1.5673263789127718,-1.6851117704685667,-1.018948182034615,-2.3145690156840377,-0.8758676848495934,-2.0409138091586603,-1.3544096676469395,-2.3681462524139203,-0.2390186727345336,-12.000596279792944,-8.997787984699936,-2.989567080123325,-5.337594902911645
2016-02-01,-2.8095901448730736,-3.7256153672788797,1.1319902196221148,-5.398403352255492,-1.2625399960037633,-1.4871827074863484,-1.6308760795693393,-1.7509977813743245,-0.5715788260375068,-1.7664523323263586,-1.9253868670418024,-1.7870746911738675,-1.3700017550761192,-1.8717988363467006,-1.0795218945981429,-2.2846617645000937,-1.7677982182420124,-2.9429903918292073,-0.5898003255560083,-12.001400553703792,-9.67075377816057,-2.502864742831103,-4.992970965905284
2016-03-01,-2.7646118746282404,-3.7224015838337356,1.2201199941904055,-6.393124897123375,-0.8501834496644314,-1.5435438816653688,-1.9310263799449627,-1.551265851097477,-0.6592464819842949,-1.7161822799752384,-2.0455170026060694,-1.5882746401289336,-1.5337955448661535,-1.9042714288762872,-1.3880201533241294,-2.526060782938853,-1.7265570051730692,-2.835222090629534,0.2513900891625207,-12.081996284287492,-10.192009682917682,-2.770994644205895,-5.571875318199636
2016-04-01,-2.7384018257100777,-3.9386252140648628,1.207189390371966,-6.147377336996545,-0.8595675986641673,-2.0934167387880374,-1.9310263799449627,-1.9515803238125013,-0.26782056415827893,-1.416844600051788,-2.025559971364001,-1.6900217057235598,-1.2638305517773976,-1.3924404982741676,-1.5878669903261784,-2.283937209163476,-1.7663485477980587,-3.121847328025,0.04866485309834889,-12.159598180315992,-9.747341983061322,-2.6130821011742595,-5.682883234072365
2016-05-01,-2.8809459479889092,-3.870296147338549,1.2977085384312308,-5.75413368856476,-1.0234637319372233,-2.133199950221468,-1.8314743557948558,-1.6526753732898964,-0.43208838139138916,-1.3667944335817266,-2.125384569210966,-1.691411975227258,-1.3685413364459134,-1.480776402971957,-1.4896892525692014,-2.042774162642989,-1.596597859507599,-2.9138501015675207,0.21050787130606796,-12.077664624446452,-10.18948172325457,-2.8332519514626027,-5.56539639869945
2016-06-01,-2.66835361435027,-3.676470937077293,1.5772700064881744,-5.594731567843752,-0.6291283281155238,-2.073450714349204,-1.6323701101700854,-1.553337748349642,-0.43546891914405106,-1.3169762688488644,-2.075643664164219,-1.4931958548281163,-1.3902542614585425,-1.4145983340047528,-1.4902804567824308,-1.684041610152907,-1.3877103762957597,-2.999354418165227,0.16857625669452236,-11.913998631336412,-10.115728900174261,-2.8730849469615256,-5.448483514852841
2016-07-01,-2.6040610647310984,-3.474148422622071,2.2493800737959373,-5.930094060355067,-0.6011043466646484,-2.341283929892449,-1.6320724951083347,-1.3559435832840745,-0.6690643169510804,-1.1665524208718763,-2.1256455741556453,-1.4923047696894618,-1.559006505578994,-1.2429391732889548,-1.4880084815233925,-1.6828914166062785,-1.3570068229225805,-2.7065701608540866,0.2848706803400356,-12.160528872955659,-10.336178786480357,-3.241420780858852,-5.332328053777134
2016-08-01,-2.4919455173149956,-3.012426162547789,1.8735628104941786,-5.833675422679423,-0.5136192080150472,-1.9148572212933788,-1.7312261136777378,-1.4549869473374717,-0.8244229676792127,-1.2969045556883456,-1.9365003577638058,-1.4949727182891057,-1.3254266061574729,-1.1830226395117391,-1.4867956159179325,-2.163089906346958,-1.3477637917343253,-2.6924516682079886,0.16711267101929028,-11.91839331666539,-10.116594929487146,-3.1238803892484475,-5.448483514852841
2016-09-01,-2.585026173155878,-2.7000069060894374,1.4636287307896017,-5.85574593439479,-0.7449792045052241,-2.0337498984816103,-1.9310263799449627,-1.2559155825330788,-0.5895492679611938,-1.2675905850117202,-1.7275928437719985,-1.0992179237288622,-0.9295325412999791,-1.2215259824227174,-1.1921892423851528,-2.2834508040887695,-1.1872635309117983,-2.520643112362235,-0.11539163130690167,-11.59212908011417,-9.303105867631025,-2.2700994658132485,-5.105466607033891
2016-10-01,-2.3322783568480148,-2.2022590268691813,1.5455016689499783,-5.36517815264596,-0.4748871766000242,-1.6859647428295519,-1.6317742862994882,-1.0580256509341741,-0.43546891914405106,-1.2186010668159346,-1.577894395239789,-1.1004948891874808,-0.7599962753514458,-1.2528482630462199,-0.7965998928308711,-2.4046186676312513,-1.2173816581531391,-2.806520194162358,-0.17013571300857588,-11.181991214105139,-9.011431499384894,-2.133096615191856,-5.105102015022643
2016-11-01,-2.6395058116678065,-2.2046132563182566,1.4397519801882201,-5.773441730949418,-0.27152885720111897,-1.464461374303153,-1.5314254486067673,-1.0524952848258213,-0.7449303515854002,-1.0191111533916013,-1.5583601235814166,-0.9038379919834303,-0.7043338847764726,-1.3786034277753443,-0.7977771652381644,-2.163089906346958,-1.0471482217931602,-2.5344699842339597,-0.2106952506488815,-11.018592648939244,-8.938064614656707,-2.090807495169968,-4.991380866166471
2016-12-01,-2.3390433258023684,-1.3220304375801808,1.3576163743243446,-4.858269704879319,0.07750095289160797,-1.1255208695798133,-1.431275214897794,-0.3584091597610357,-0.4273547715562611,-0.6513886342686197,-0.970844774041681,-0.6113318556391687,-0.3293322352234309,-1.0465827915343182,-0.7048609339414842,-2.163089906346958,-0.9687947342432843,-2.1348690528957643,0.04298708781126681,-10.12245720253732,-8.275920727902477,-2.2809085112007095,-4.991380866166471
2017-01-01,-1.8908369258677098,0.05296886019726532,0.6688979179153347,-3.7274250539385427,-0.2625243875568053,-0.45559571295243106,-1.0296682494088065,-0.24847285599020563,0.18877322268724828,-0.8361332903483136,-0.4078802764086804,-0.5042370606452349,0.0866425150774095,-0.6915197027533913,-0.10140089127974328,-1.7974546895992742,-0.24327941486296334,-1.6215838381618592,0.6467426927291884,-9.225555372423525,-7.690346153662144,-1.3938920943245021,-4.645677658352897
2017-02-01,-1.6721094525205409,0.04619894698963822,0.4622808360140067,-3.589245987084027,0.1154255749040054,-0.31681358272347726,-0.9369824094198469,0.0436047747117978,0.10679084680798456,-0.4599775589769832,-0.3509960822310605,-0.11657627841336593,0.31841040058570336,-0.3958966079386015,0.0927371915418167,-1.556673176460475,-0.37584432287504166,-1.023752827797379,0.9610462392599581,-8.820704175129382,-7.178807914539256,-1.5485877390116327,-4.298250698513938
2017-03-01,-1.8523593608505955,-0.6141258521362394,0.35739672333283723,-3.1504136217406824,-0.3955704755810743,-0.9831674148552603,-0.9379695596848441,-0.4614895489683353,-0.36652217604759696,-0.8503058077053387,-0.36116648741282464,-0.12328793914828085,-0.02998502400529368,-0.4736264871877458,-0.2162996029562354,-1.4384708343038715,-0.43348891917739474,-1.2247579205997656,0.2890970588576822,-8.983522416302506,-7.325659803148401,-1.358594574092133,-3.720155523374734
2017-04-01,-1.2536805905787745,-0.3571796802649976,0.15820731178743985,-3.2527745355793662,0.20354089444587586,-0.5419265572693819,-0.8402867610256619,-0.16768886732973454,-0.2946147799654366,-0.8329214434611947,-0.17599380852890878,0.16338063134571668,-0.20686249227649078,-0.6029892898109799,-0.021638739638804694,-1.2003959183385686,-0.41453081079797593,-0.7290484464168951,0.2850932855683306,-8.990127553811181,-7.779141709485096,-1.6733428546678715,-4.069168030438318
2017-05-01,-1.772680517056589,-0.962018444462255,0.05701987140680531,-3.6953757509362966,0.08528069629212354,-1.045166461153749,-1.138158004394259,-0.6659624835345153,-0.6068728342444498,-0.9612241587179176,-0.41679432710013575,0.255046799978881,-0.5251601643674189,-0.5615384713612512,-0.2218981178698538,-2.0430181672205987,-0.7739597852359901,-1.2275357920758108,-0.12109881447829007,-9.072061109680721,-7.857616657841628,-1.62614081388688,-3.9570414558678255
2017-06-01,-2.3084584065284446,-1.379853258694065,-0.14390356533207038,-3.8703009133265347,0.05244837771474309,-1.002339638312347,-1.3363764611723132,-0.47108706268223455,-0.9162390279029833,-0.9319127446433333,-0.6065553782607553,0.05683067957973931,-0.7624629473710645,-0.8427985292830462,-0.22372460956854034,-2.5221111621783625,-0.8933592230582996,-1.4265491084787403,-0.38026641692732976,-9.396498682831847,-8.092473059032326,-1.8197907790492591,-4.991380866166471
2017-07-01,-2.315167812093531,-1.3414428366202449,-0.5328610130660212,-3.8867324318772205,0.5252534016096497,-0.7724561859037502,-0.449517801430928,-0.47651267316952084,-0.7612194035596833,-1.1493034879224444,-0.1950543409387402,0.15588962774935622,-0.6694775681096967,-0.7111187838419417,-0.11897049479740751,-2.2828738728946623,-0.8610616589264439,-1.5276860924514342,-0.20133469469772702,-9.229928863185247,-7.836010776286297,-1.4661568376687546,-5.4508933885964215
2017-08-01,-2.083690297182315,-1.2715097410030642,-0.7139063310983569,-3.992852846535893,0.47809932445026604,-0.73490907808175,-0.4451149395699643,-0.2799721507471926,-0.5292124715307669,-0.9416547117235678,-0.14835887593027852,0.34093532196409226,-0.4622993006258316,-0.5782262516445711,-0.017475778815009946,-1.6846148801433185,-0.6760152701907338,-1.4312827942753277,-0.08630438375517269,-9.146337960149623,-7.424213347063837,-1.151858573068167,-4.761218927283638
2017-09-01,-1.832929574672491,-1.1017003340986333,-0.4340461057637408,-3.881666390038923,0.4467942516743548,-0.6620888711249693,-0.34683483337916865,-0.18256995675711107,-0.3772798587129824,-0.9034055525789801,-0.3539444368647411,0.3329774456518666,-0.17421646773637356,-0.38994605850256137,0.25828661683416065,-1.9224132649011776,-0.5948895014695652,-1.5276860924514342,0.022363719060384035,-8.743923328058948,-7.478148071244508,-1.629651977534265,-4.761218927283638
2017-10-01,-1.830803016214631,-1.3199034185850236,-0.8183608110155833,-4.169395725395091,0.029300304115121634,-0.7831611743866072,-0.44805308283997913,-0.5753592407150283,-0.5334870802656557,-1.1318011966990076,-0.21692471161942795,0.3303351235790788,-0.36212142326211527,-0.38104028876880336,0.05884299578367269,-1.6805944080792483,-0.5261445856619482,-1.6255600603537186,0.01664669447491196,-8.754957419240409,-7.79343352428489,-1.8635222105662725,-4.531838849647661
2017-11-01,-1.6752966667344253,-1.226738591145561,-0.9149054128045893,-3.745139375835798,0.2017294087095287,-0.61191807186706,-0.643242362295811,-0.2723130350329168,0.1596850512317214,-0.9051626660751948,-0.5695188567694816,0.4206224691702789,-0.20399359767798408,-0.25588209641769866,0.15295908394559454,-1.6799718118120848,-0.40767473480304384,-1.7237261473944816,0.0815874808437842,-8.358220732091862,-7.508758333675338,-2.463122070177117,-4.531056988400804
2017-12-01,-1.7574427317347912,-1.772357675132631,-0.4371214174333278,-4.23117886068291,0.07278891470361515,-0.8600221225992941,-0.9389547512702228,-0.4778620823460973,-0.06627588287959196,-1.1923423638401003,-0.7487258992614949,0.3145883319552847,-0.2955125758849011,-0.2046748609206459,0.046277613298764564,-1.8005776510536902,-0.39150028318010266,-1.7272869571229794,0.14528336886131843,-8.852445105857779,-7.802957527446566,-2.2122774656369932,-4.416189386286527
2018-01-01,-2.1864794036022133,-2.305052594474101,-0.43558522403914735,-5.056694857640192,-0.08275758025162361,-0.6491300710230883,-1.2355441926079918,-0.46972430523019537,-0.233588848949702,-0.8826460085369652,-0.9663424428029161,0.22941782200772165,-0.3333928344403905,-0.3023729860523636,-0.3327987953185758,-2.0415180481938227,-0.25099729874552645,-1.729939064050205,-0.27410792689087327,-8.940182543890721,-7.954612990447831,-2.8528326639128982,-4.645811002148902
2018-02-01,-2.637402839329493,-1.8105118216638862,0.12061322396830265,-4.821767412153626,-0.05355756746727636,-0.9037563217192544,-1.3393086771361267,-0.7706391925561935,0.2177340411261095,-1.0834522761560121,-1.0787885686938354,0.02380137284777062,-0.19495893446957702,-0.41371380972402094,-0.33800089242952147,-1.8009553058210597,-0.3999243282225238,-2.1267649816122987,-0.496713244335786,-9.500386792152785,-8.10384223126043,-2.3650636328821824,-4.530546159469205
2018-03-01,-2.5269732544233463,-1.6718257285269003,0.11447151333978711,-5.115321132495836,0.2355772416404065,-1.093119181936367,-1.438171759830083,-0.3832429870461891,0.3650624789066679,-0.8669008065614952,-1.0011123358408165,-0.07826281199735918,-0.05034512431019955,-0.2475949793282537,-0.25069681228739604,-1.9227024235166295,-0.027041026027009085,-1.831634418154275,-0.5846314027480117,-9.49917266759536,-7.960394082827307,-2.4017670749376014,-4.646199158714014
2018-04-01,-2.817234567921954,-1.8048502784857048,0.29626995130014366,-4.843981061130325,0.06598241083641909,-1.001411003923228,-1.1451677186928704,-0.5828346230857424,0.2814263398424319,-0.9281872553756747,-1.03297099833586,-0.18406891997073105,0.05017116455749182,-0.23987574677349444,-0.2541371238551111,-2.5229726523836686,0.04935274529650391,-2.128708238510894,-0.4556241937777008,-9.345914905192046,-7.684865838387935,-2.0934249719427163,-4.302468237430356
2018-05-01,-2.175244053323542,-0.8475143599818393,0.19914380219034955,-4.277284842180212,0.23586129631627628,-0.3770947048355042,-0.8509962448679813,0.19008388390773834,0.2797594353527042,-0.6621845077672566,-0.7725380093180485,-0.0959149166429083,0.37980993766361415,-0.04556112019427716,-0.16051863990400328,-1.684041610152907,0.4265923549890629,-1.63730105404664,-0.1639813062755371,-9.109228633569458,-7.268115196660432,-2.1516557145205857,-4.30461281089317
2018-06-01,-1.7078206205403994,-0.629257064287482,0.46760692105838375,-3.914392496021229,0.3958983468949526,-0.4111572313468068,-0.8499347695233821,-0.007945065818576014,0.5062020145581367,-0.516276077608409,-0.6573398759268452,-0.0959149166429083,0.4483816418509843,0.10027470800990002,-0.06726441744799594,-1.8040686505155539,0.42639660281041847,-1.3429344877723555,0.09136785540938863,-8.86968595593062,-6.903687116027282,-2.140494501127967,-3.5019480779842613
2018-07-01,-1.649588332889305,-0.657223009850795,0.9190765216824386,-4.032931774376241,0.3822048301614487,-0.0004848444219804904,-0.8583686060806022,-0.015075308538475385,1.0288163073615617,-0.3171310026133538,-0.647348295166041,-0.0959149166429083,0.5241669076350295,0.18294977520475952,0.034050227817486345,-1.4462331563017554,0.6853310103342216,-1.149257137555752,0.17848477893890635,-8.945155168707878,-6.660542872047461,-2.4972212883553686,-3.386683235304565
2018-08-01,-2.0033596190027296,-0.7133275369148775,1.3093026453253391,-3.915884496138194,0.327788040886535,-0.04204733114571457,-0.9525449919450883,-0.016848817581565756,0.8776893263533967,-0.4279874468705662,-0.49177034464180824,-0.0128703060258748,0.2807003108973003,0.13439929644506932,0.13137933597631424,-1.5682468268086152,0.6546009060052085,-1.0565338915632534,0.25147782406595187,-8.864542587988314,-6.634096589314478,-2.1883949636726703,-3.6183880701087343
2018-09-01,-1.8249711713718568,-0.6437249173722916,1.2905712303463273,-3.7967618974813426,0.6487033119710226,-0.2390647325265869,-1.3433655310464436,0.07701732942032069,0.27477384687624595,-0.4208114791640254,-0.10607177736117368,-0.2070639343349332,-0.13129239557748384,-0.05520290144243689,-0.07883790528248902,-1.206134376812749,0.600164400429525,-1.2466755573401418,0.3560598700501325,-9.030457535971706,-6.449538970633419,-1.5443225833266423,-3.504795303270024
2018-10-01,-2.2589481898434443,-0.641498499332406,1.0133716724694435,-3.1280992637270515,0.5959244071109602,-0.02087683670634366,-1.1490087093615946,0.46272457233148034,0.4970514481951003,-0.1577017550505948,-0.10818303640849525,-0.2091306209197339,0.10855707329927888,0.06071141008866987,0.10811923620835096,-1.2049878171215593,0.6076878528300624,-1.048851556129586,0.7472741151291737,-9.118299784875386,-6.168375980346887,-1.6272656999687625,-3.6222438175182656
2018-11-01,-2.358572912685773,-1.2063637956397768,1.3754899109761358,-3.899308862296696,0.29528403380421153,-0.09428375765775687,-1.146708633842393,0.18424198234444122,-0.25649216963494337,-0.4236371180128833,0.13635437990375632,-0.3088088913858198,-0.22947735114481027,-0.12208192392052042,0.10403834391066447,-1.5625305188644671,0.2967089459605545,-1.0457574488566141,0.771446223408959,-9.596769128467045,-6.872322899722452,-1.5934438216284503,-3.504795303270024
2018-12-01,-2.550929006318057,-1.7012108331969769,1.3754899109761358,-4.319621146183444,0.37259112128562677,-0.1610030328330767,-1.1443949883467601,-0.30429509540716393,0.0501664598212368,-0.5010055013461594,-0.24764109467285866,-0.40801617721865613,-0.49052635188363247,-0.35068416193978025,-0.18620879321808737,-1.5617086461705658,0.0013579525229281408,-1.5395015352489256,0.34225863496914233,-9.835148031297805,-7.2908639384415075,-2.2982203596408253,-3.9607297231541647
2019-01-01,-2.7382291602452185,-1.9035631131926314,1.0133716724694435,-4.443259078384337,0.21014006716775313,0.06312304233789501,-0.6521107683128262,-0.4885640909880469,-0.4857683378830704,-0.5952368704796056,-0.270450427652837,-0.5864283565687853,-0.8433148876088783,-0.4812472745921623,-0.268247685447351,-1.4367162733293175,-0.3459746845918219,-1.7378017333139635,0.0032170706811749383,-10.387676340879818,-7.298487338527551,-2.8201424730644815,-3.6144164162534285
2019-02-01,-2.2779708699574,-1.7938596538650833,0.8944477911176922,-4.262909648577356,0.22696310577961043,0.4633401214783808,-0.8552213832898685,-0.39616582837229086,-0.41998777068017046,-0.4232692779901752,-0.016317454464577885,-0.5932377944523002,-0.8740256808881544,-0.4629114134297849,-0.5573322297057732,-1.4427907996449645,-0.2679591072656593,-1.6401931360083761,0.17560901458647837,-9.757741862821693,-6.958680296509758,-3.149770875716153,-3.6157001821570542
2019-03-01,-2.3699623046798273,-1.549577114828117,0.7957899860611133,-3.9426040949977974,0.18572323537007307,0.6874118857735558,-0.7579924013960087,-0.5963146884965849,-0.05455026646283412,-0.5618412057553384,0.058000751357332625,-0.5966232489366061,-0.5373401165034455,-0.3133686900637598,-0.28375867307472724,-1.088391299424583,-0.4733199712719469,-1.6430682552062077,0.33803777495359544,-9.365664052178882,-6.342414827153178,-3.2359555675103975,-3.277996137768012
2019-04-01,-2.445186026497346,-1.3686851088277399,0.7853605805109081,-3.866126531666019,0.47197397104399386,0.7363372965625805,-0.9573088521591293,0.16459634673227685,0.08715189113775312,-0.22572224049851197,0.015280548274730243,-0.417309425680362,-0.4059167448259817,-0.3342343842956572,-0.3810305458317149,-0.6127034115846901,-0.3214931351290482,-1.5468883455748301,0.09282897802064571,-8.753757679037491,-6.093186524090779,-3.0555812658262367,-3.5105594080362277
2019-05-01,-2.792637932815765,-2.0717255454656316,0.42142781371792326,-4.654255430390435,0.49106293966667636,0.3040755206230896,-1.2497585381942526,-0.41832527921456486,0.45232228774314964,-0.507643355721739,-0.048575507676653196,-0.517316941163831,-0.6083795043953923,-0.40760899360499736,-0.3842531610959572,-1.3302871204624016,-0.6426080973228729,-1.8408620996673104,-0.09488506828022292,-8.759051856876546,-6.117089485562879,-2.9324040988771634,-3.2914610695334954
2019-06-01,-2.8263976373783954,-2.4507001401853925,-0.1353668238011525,-5.159442578704681,0.11614502776173907,0.519535484171171,-1.3462293917027095,-0.23033108393643542,0.08269426991432272,-0.6649339631130529,-0.2790209625184632,-0.517316941163831,-0.7475699359271584,-0.4414383530316377,-0.4809654048465202,-1.093499943732699,-0.4129449239224656,-1.9393253039197962,-0.25283760889168416,-8.530130694796348,-6.669692666509288,-2.8917460336162177,-3.967966272819444
2019-07-01,-3.528908075137725,-2.3528264683542757,-0.14926520350408934,-4.83459851449301,-0.0061292337202303315,0.37804550236236434,-1.5438042116940514,-0.14230340216431725,0.0722755862886213,-0.8482013379593161,-0.2761448797852468,-0.42468145515070477,-0.5874590985698394,-0.7284639096963927,-0.6658348213384375,-1.5696589411188993,-0.5172653741934661,-2.231865736830356,-0.5525427831943288,-8.293631010689065,-6.74626769173118,-3.0063166166634643,-4.307105048184555
2019-08-01,-3.2981210661467735,-2.5511560271692337,-0.5033525196411754,-5.05174352073065,-0.2146908155879359,0.7017364055431043,-1.5422989711048123,-0.4264970797715091,0.0006801856739666601,-0.5881990718848611,-0.4604970922988523,-0.7122620210901762,-0.6480170492384776,-0.7224039037985917,-0.5718861423457096,-1.4538590911946518,-0.5414140214022987,-2.233370977419595,-0.7104477713666482,-8.293631010689065,-6.950920538831209,-3.6471909511092155,-4.194639575357849
2019-09-01,-3.324997356900681,-2.794859473944679,-0.6017436956702755,-4.955700086768616,-0.20635095932812675,0.507737006161121,-1.4439333564853234,-0.6177654207634771,-0.065504250227151,-0.7642143657748361,-0.8412221190349252,-0.713821179456414,-0.6858230557243186,-0.8915887881743976,-0.863168065672701,-1.333249550259517,-0.6731076897286479,-2.328622135337037,-1.1704466236710145,-8.530130694796348,-7.1615793413321605,-4.037020608667798,-4.534419761781626
2019-10-01,-3.19766203711249,-2.749670806001915,-0.23907212467255645,-5.59557953378566,-0.05261107440797019,0.5826172555990352,-1.3485004608369726,-0.7142938959920404,-0.07107339143578995,-0.9303477107159024,-0.9557927926626038,-0.8998793369129285,-0.6340682802801059,-1.2933454655489405,-0.9598548168393091,-1.4504897571061197,-0.8175547745683418,-2.4258511172308967,-1.4876637474806023,-8.69290864752276,-7.109757628399596,-3.609988143871436,-4.309256232298951
2019-11-01,-2.8967447259111694,-2.4710976040883805,-0.42630634739513296,-4.658723240520207,0.13942466940031295,0.42047573340312194,-1.2497585381942526,-0.8016022649984518,0.23089498722073531,-1.0074530883343717,-0.8893647373382736,-0.9026434118851232,-0.35214903405499065,-1.171088172080099,-0.9619631166554594,-1.0910498311787014,-0.5476956957955701,-2.4254711325443363,-1.5801927389986394,-8.616309711645634,-6.696778654966398,-3.4580663810642305,-4.534419761781626
2019-12-01,-2.794204718314706,-2.093373575584624,-0.6954855139662537,-4.104247236635288,0.08713776388098537,0.5821756594141716,-1.1505346130065446,-0.3279712127694563,0.3058201840850525,-0.7651866690759084,-0.422471677851612,-1.0895593541554836,-0.1232708322869005,-0.8841637961482915,-0.40637907746543256,-0.8528021910736965,-0.12788532115214446,-2.133025139322113,-1.2118674638183249,-7.8535302215431955,-6.081735260129264,-2.8742301654297604,-4.193352944011762
2020-01-01,-2.416391797347959,-1.7874020023929473,-0.23907212467255645,-4.021780620249487,-0.36020340554279073,-0.2749291594973089,-1.2490948527394812,-0.12591236366973857,0.44881577877001066,-0.6938674058043786,-0.17974710047921238,-0.6183211968965705,0.07343146469255579,-0.8377332515624067,-0.11462351807189641,-0.844851896125363,-0.1023291029640725,-2.133500122210867,-0.5712560187143358,-6.7102381079668625,-5.427406134374504,-2.397692590126012,-4.419763799576414
2020-02-01,-2.834017191262415,-2.1500524704175197,-1.1490099248064207,-4.652190905398939,-0.6115973000221366,-0.524969311932769,-1.1558286995132354,-0.211881013945175,0.21508613400027943,-0.8334798080879073,-0.43274591595590284,-0.7169308094626179,-0.07467534786241536,-1.1020084853102416,-0.014108019354461376,-1.0923258768409032,-0.16042247742772497,-2.328337701410314,-0.8761146608497219,-6.427124859218317,-5.649900041173552,-2.758726520275647,-4.647466823110845
2020-03-01,-3.165827858586077,-2.8959244149437415,-1.330333637224523,-4.88499175250136,-1.0114625950756064,-0.7085757788354217,-1.5430530513860523,-0.39688708566857867,-1.0358051768215095,-1.0753287857691545,-1.2431559008203381,-0.9040216030437418,-0.8550337751807771,-1.5563700219351893,-0.5627904193985263,-1.453020096242295,-0.9051695735078256,-2.5233641637766464,-1.3439125706538126,-6.515737766652144,-6.139202749411545,-2.7871861146906225,-4.761218927283638
2020-04-01,-3.432133440570027,-3.5977391949089457,-1.2433652583760053,-6.327055978229772,-2.011273695220627,-0.9225933630944292,-1.9310263799449627,-1.252316134630232,-2.1390458990147865,-1.9956649388881713,-1.4803026821559557,-1.4632029296215596,-2.0540681553354947,-2.108494643349241,-0.6567390983912542,-2.163089906346958,-1.2509973583917486,-2.6205931456705063,-1.399053080724463,-7.6773586104780165,-7.620693933218039,-3.5909188038798296,-5.327798279209427
2020-05-01,-3.9398713408945945,-3.79839708615103,-0.7933489985659565,-6.029976790541596,-1.6603927352207606,-0.9397005991750449,-1.9310263799449627,-1.442313015676871,-2.284806579321903,-1.8409429782444269,-1.9063354840527476,-1.7416253832620296,-2.2647585399941352,-2.3732078844074085,-1.446792489573598,-2.6380571980177163,-1.213132159932274,-2.8149566665275945,-1.4904760068743164,-8.13304965769969,-7.766682321533693,-3.822874008285317,-6.344957861809851
2020-06-01,-3.087893967489695,-3.220663033533845,-0.7052343355852027,-6.462964650339014,-0.942381757626908,-0.5378427251638316,-1.6399053591990969,-1.6269660737883325,-1.2599992096073056,-1.714929420148688,-1.349841125586317,-1.5576326910612335,-1.7390722795497329,-2.3227711993353335,-1.03827020679301,-2.518383019050639,-1.3760974691949266,-2.814767963961577,-1.3713858371114354,-7.843725766070101,-7.168857169854483,-3.390075648765058,-5.896315904595172
2020-07-01,-3.0707990009969137,-3.5002008013563914,-0.7148440683298669,-6.706442550947294,-1.1226754339884728,-0.44277983979780533,-1.449097736350054,-2.8980829262871426,-1.7721948187850292,-1.086192960881223,-1.1555598026221654,-1.2832952881781599,-1.4013796625362698,-1.9640304471631629,-0.4627697314838226,-2.6375920054866424,-0.8036840882900251,-3.0093205545106567,-1.2350825227991882,-8.067189341723516,-6.25997714490957,-3.1642555673705237,-5.329084910555514
2020-08-01,-3.2246525832415145,-3.3990113486069964,-0.3490451789491362,-6.808298676526874,-0.8502322469740022,-1.398038043067321,-1.447232499698166,-2.7096128980057914,-1.7720740033260587,-1.4735292498615342,-1.503268354333966,-1.9276608653468306,-1.081567122587698,-1.9098505217683146,-0.7569525929940841,-3.2287820771960445,-1.3575994685696267,-3.10485559324926,-1.1530577548507805,-8.141788307029444,-6.124968344270645,-2.84345542670217,-5.55527233014058
2020-09-01,-3.3529883204728144,-3.248879967558284,-0.44518098356993674,-6.883281431884452,-1.2562345155576295,-1.0035433978253048,-1.3496293934029806,-2.7096128980057914,-1.4055774415891744,-1.512169126694725,-1.4179286250471508,-1.6529814763107606,-1.0207286064911916,-1.84298307832343,-0.825308349162432,-3.350765756648198,-1.528863894903799,-3.2053901339127595,-1.067031501724144,-7.918158153994629,-6.5833618589431175,-2.666452376686059,-5.443065987331584
2020-10-01,-3.284806410888528,-3.6907733589132254,-0.35966768581481245,-6.664831701469048,-1.3720439311067025,-0.8883181566356066,-1.544552468956069,-2.6034503997788443,-1.2614397185178607,-1.4930278576322413,-1.4366265779042893,-1.5606879764506307,-1.2075141445390205,-1.6117045029346697,-0.8127218913475094,-3.593404661982867,-1.5288455820555833,-2.9128485899306984,-1.2251926506075064,-8.073875247990362,-6.993664502574628,-3.4711702340652257,-5.553573554609047
2020-11-01,-3.433882648820095,-3.696589069982571,-1.3380696833350743,-6.967920171535063,-1.458370020249177,-1.2822474655646596,-1.447232499698166,-2.0470614349532505,-0.9696066670910899,-1.4639284224171005,-1.6810061382556158,-1.836806920985595,-1.2149933779519753,-1.7269129099682543,-0.8996078183931306,-3.235129981515215,-1.3759824286172404,-2.815715158796676,-1.453742308092706,-8.076097156543064,-7.321597233336643,-2.999670196958017,-5.329084910555514
2020-12-01,-3.4427867600248057,-3.411872402249684,-0.6250371471613998,-7.228802392384253,-1.1580009380825587,-1.1250327633003296,-1.4462944565124607,-2.420468829815275,-1.1876823696260044,-1.4449414194183623,-1.5408714837886324,-1.5622072061000023,-1.0298674463220383,-1.8570081190106456,-0.9539740895599476,-3.1143563657888156,-1.5957524047190206,-2.815335174110116,-1.5547994622634311,-8.764554897631275,-7.263480106012068,-2.999136911599744,-5.443065987331584
2021-01-01,-2.912156596154734,-2.4223156475179044,0.43224142407991595,-6.864911595252348,-0.07733617229483869,-0.5583305067545483,-1.3501922203703236,-0.6564573019936344,-0.8998989782560376,-0.7897257805884754,-0.23438361505643446,-1.4691547892817955,-0.9926461359956864,-1.585717662095549,-1.2847217469764889,-2.4014716301885213,-1.0234211967290805,-2.232619817111596,-1.71172221251675,-8.417184858392638,-7.288246209905882,-2.6653808773264194,-5.216785196889338
2021-02-01,-2.732441907171033,-2.89480083771453,1.2208218692496335,-6.157758109178307,-0.30015619262757554,-0.3097323568767161,-1.3535464305565474,-0.3643857313977368,-0.8324032845931708,-0.764026178739015,-2.1798750093145154,-1.654330658032038,-0.7203744973937578,-1.5452161806738316,-0.8880248725018998,-2.6375920054866424,-1.0138550227130403,-2.0386322403441444,-1.5118881115807694,-8.580350690200614,-6.911886100536204,-2.2022393802461755,-4.761218927283638
2021-03-01,-2.7594075165590297,-1.5454080583403487,0.9593838118425961,-6.531750953457454,0.023574406174621032,-0.2305245814142518,-0.9676277918315561,-0.0730543693885306,0.25428338365887515,-0.3515724228602428,-0.13448425046911527,-1.3804829287016038,0.2032880472989138,-1.285264308115581,-0.10337589266218039,-2.163089906346958,-0.4737120258604741,-1.8461459061227021,-1.0758528373791512,-7.787771240327338,-6.407596951928554,-1.7266295597505161,-4.64811058784632
2021-04-01,-2.661694948679692,-0.6737133416052101,0.8591837942363516,-5.1691418404569305,0.570743302612776,-0.2389948275062368,-0.4879998970420756,0.12073368859706934,1.4155413223474287,0.3583968907985886,-0.03166014028595132,-0.7444062725205645,1.6927438118388292,-0.7124969699017945,-0.20153070819876895,-1.2207873222920367,-0.34105963049396815,-1.5582944065417532,-0.7415923127369686,-6.921461475567018,-4.989001670946216,-1.148037919020541,-3.968864299958229
2021-05-01,-1.9762340937423666,-0.19737508987137797,0.5932985191098088,-4.744706200303533,0.16537129918068416,0.0015747706993165522,-0.20021394201126963,0.3158031583328895,1.6187791996272114,0.5296790401293423,0.40554904668035174,-0.20239952558671037,2.489307158035695,-0.49042190087574355,0.695156166982061,-0.3931616008130949,-0.16375089103476492,-1.363930885684665,-0.5153827038979122,-6.410834732920115,-4.948675495230361,-1.019141844607165,-3.2897971403702417
2021-06-01,-2.7067883170110534,-0.1826260698542539,0.7622512851167333,-3.85815436183578,-0.3271117060887221,-0.1141783667093863,-0.2018766689388789,0.5082626812709161,1.0971465797835076,0.2789866812551596,0.08111314442296003,-0.026679599702522427,2.868410358481791,-0.4371430443016975,0.681417127134301,-0.6327793089438853,-0.10838328294736721,-1.3651444977442235,-0.35443890816471946,-6.936396853164176,-4.780599198702209,-1.2902683854978632,-3.0633688508589483
2021-07-01,-1.75757293005314,-0.03748431191640389,0.9147004023270182,-3.5392007710594413,-0.27738141316124754,-0.6964475541945712,-0.3096270064630273,1.7922274086386085,1.7316325622726711,0.2531594815550138,0.18410588551207407,-0.39365248859872226,2.843788568937425,-0.3632852195124612,0.773158422346734,-0.045339975152068224,-0.43296552624537776,-0.6918930514726735,0.27654409166174876,-6.285277975251372,-5.393889042491242,-1.004537123639639,-2.8435471886733996
2021-08-01,-1.6887371173429848,0.3701170352475289,1.2696253534412176,-3.0201194109773226,0.3838500298917644,0.2546188971855292,-0.11366407087106278,1.8888664144880944,2.0881601261407523,0.4700899407391086,0.33053040646493326,0.5997206587905093,2.7352926783428853,-0.16202932127578706,1.0704986984234193,0.7696550762500993,0.27118957393709087,-0.6022641803435409,0.7282192754273362,-5.926588157658866,-5.207775409184592,-1.0869302139390653,-2.6202917527530776
2021-09-01,-1.7448980780635708,1.0506863569763256,1.9412278082865169,-2.693527342527851,0.8319215613153972,0.5583245318977772,0.2668642919325821,2.178315725280295,2.371302299579585,0.7810442549012793,0.5424282684125741,0.5000085080420216,2.8673903575252933,-0.10185314359868003,1.1547302196720093,1.473667443264794,0.5619135808145983,-0.11080890120348919,0.8537185140502865,-5.443502201959586,-4.692941827020061,-1.226512702937856,-2.283649556510424
2021-10-01,-1.3984618976481826,2.349388899560055,1.4202127028098315,-1.524708951713965,1.123138889406917,1.2597313085990072,1.0145547491163294,2.4583746530327195,2.631300721783929,1.434507481279483,1.4618086127355694,1.3857538914481107,3.65322478778595,0.19438407841871252,1.533431871432958,2.641589698915982,1.0112803782898907,0.3589641236992751,2.108314454441232,-4.397475652543218,-3.718972451625948,-0.4946549378534355,-2.5139113218713636
2021-11-01,-0.6622214480653348,2.491114839556073,2.894420139799348,-0.17113772083382983,1.5721825774291496,2.93437588234747,1.391538382887096,2.8504267544690327,2.694293023530263,1.9491807125824474,2.32717822240238,2.0927574960638853,4.204480670782976,0.48131081087420724,2.104069292344038,2.972284471398758,1.1639722654834919,1.0231464745726075,3.5169453528470926,-3.50164492522406,-2.7871022933268286,0.09697018944849578,-2.3976306332864947
2021-12-01,-0.5057013832643769,3.4660200060666932,3.1256748195388266,0.10718730511823438,2.147825558947037,3.4511017068388297,1.1168285857965516,2.9413562491673657,2.7735054936745263,1.7302950507697519,1.964558191851416,2.3426345079078206,4.4171188842133144,0.47968020976629133,2.0797152849524796,3.3002229637268417,1.1395054220571956,1.2039647538369795,3.58464275027485,-2.6834108665340004,-2.8703545316326817,0.021089671813155242,-1.9504397024021056
2022-01-01,0.07215217815539532,3.073248480910583,1.1389430003724503,1.1809831120813747,1.9735299576228336,4.119651940627697,2.3209131020330327,2.222537499956096,3.091723430265829,2.6053179210418316,1.4181131727269074,2.3468620029780065,4.830647740539421,0.5955413137127488,2.7792154591779887,2.7272485667783637,1.237217325313066,2.1061846424646884,5.351842689873934,-2.042712079815093,-2.392429466126469,0.09143511261730897,-1.6149003503979618
2022-02-01,0.8958075621935642,4.468178827284196,1.5377707160812553,2.084447621969005,2.553912550473459,3.8848302427086336,2.7558670192088615,2.3878563658174263,3.6135662842525162,2.7548232078394337,4.262173607780826,2.9510675017752344,5.193960610731422,1.0882482043963628,3.5090016347920443,3.274931702877861,1.992772380041218,2.928550165145934,5.765677199432276,-2.8236069406692685,-2.0288264531049727,0.10055354765199187,-1.2951951093234424
2022-03-01,1.980975046171853,6.4874380273861485,2.3852297054977716,3.598836368965614,4.147239286130034,7.179330346899667,3.2989235603399765,3.858649513977503,4.531221717840199,3.9595939137454446,3.8635423688632136,3.625911665620435,5.814453172013559,1.3182618704409224,4.466380429414299,4.342271280653733,2.8080207779881063,3.6402087150808686,6.013244275640642,-0.5982236799224303,-1.7301585178535106,0.487933284043927,-1.3144655151037785
2022-04-01,3.7436391876565907,5.136418138244424,3.1986360926231865,4.806681697020327,4.518202614307821,7.022818829403884,4.540732439921428,4.2106990974276455,4.633636927975586,3.9033555961031015,4.632939437072657,5.113057020016793,5.5526487615048,1.476212382675717,4.839895215899828,4.634526070510816,3.137543466381542,3.164601918182848,6.012604388049906,0.6082524948116976,-0.9843591728936474,1.0361741863917233,-0.8912535533571617
2022-05-01,4.482310911451439,5.488973857624445,3.532849358016144,5.851030795922558,5.3657509042454485,6.295061327502579,5.241164184402984,4.9305629083520826,5.52813791587901,5.054707242401617,4.476355499073146,5.157562218322759,5.850440872375154,1.860228727414819,5.36718829854326,5.381231766974484,3.490463885032257,3.977247473885333,6.622671524194904,2.0302850770668925,0.1706970127655616,1.5927583129113225,-0.6880259769942985
2022-06-01,5.154341172324852,6.849216373812848,4.08660118813664,6.535298514576066,6.676258181624629,6.103394221868061,5.941289233007844,4.638578152181167,5.900969344553668,5.8274107073694,5.067196695313412,5.463963636915931,6.289944311275933,2.2890732046912436,6.233079973662983,6.557524589170196,4.098906585773376,5.043516086850326,7.245262668308464,3.4532537296378365,1.071367333675397,2.2510833266468504,-0.3696927392711533
2022-07-01,5.460354675070668,7.350418974028604,4.5196525629028095,6.085511921933968,6.498922423733934,7.688736265040371,6.4147028179068295,4.608096454117489,5.397186222796395,5.821027587684317,4.447204448307505,6.043195707366362,5.7981515531824765,2.3359681049420704,6.922859478497115,6.63497373826786,4.32641436411757,5.008276937914465,7.21955808296281,3.518817302745333,2.8937360447685556,2.5249186640463366,0.2506966977860028
2022-08-01,5.353583165077104,7.15060661759802,4.277814476474617,5.917868864946946,7.729474270527948,9.193031466774979,6.6040968139138885,4.873437219190808,4.859533921972008,5.663768487056335,4.446351194904017,5.9106236129316265,5.55637776669157,2.3540245779314066,6.825753384937963,6.045505893831251,4.16820004416506,5.42026611135263,7.51362501398111,4.031054714800838,4.4939150091056845,1.9548440369266489,-0.2918438114180564
2022-09-01,5.662432566236799,5.62187606315586,4.61403361041528,6.473034658163741,8.641160040377805,11.465027793416791,7.617175207368924,6.3745735634817065,4.714903371021211,6.130280417076343,4.556825064356505,6.053031616516897,5.500012909436128,2.16085222880295,8.014762427007119,5.805725748019022,3.8265734133009146,5.873785036295372,8.716771348522148,4.898219802681222,8.366229054491967,1.7217261164974333,-0.30147314165390604
2022-10-01,6.444645989768951,4.134794993250744,5.1876445462833765,3.7961472398511837,8.655357775416284,11.284298602861362,7.702084513898215,6.601391619249248,4.735326523627363,6.307215568616635,4.533602672517055,6.7893818154647185,5.077427479204003,1.912140357291763,8.392791718027295,6.699972940294732,4.439131922619543,8.566742047445038,9.6051627094384,5.563521299432924,9.18708314355273,1.8593028394300974,0.22353501638569107
2022-11-01,6.260263085423425,3.709439810865299,4.263803671729249,3.313040256830952,9.205174792784089,7.317528332948927,6.567603266323922,6.585873903264001,4.656941777213279,7.068288655524772,3.6712822953376394,6.575440999893118,4.4862101011749065,1.877469417919391,7.981814832853365,6.443157799751589,4.391723401879643,8.506926135107891,8.13423592319932,5.298783333267728,10.318829105906389,1.2750686941887617,0.4404002594410219
2022-12-01,5.947213483425841,2.6723811894743585,3.668155300783305,2.093755355099109,9.986407072170223,7.051368427772128,6.433397481451235,5.953948687727812,4.209664835147158,7.074520172944269,3.1390795231718043,6.4508048698330995,3.8719788668777486,1.7608520183168765,7.583362748680303,5.666993175112314,4.109260691459992,8.383404992308082,7.882702883927487,4.523323473455573,11.992984409226057,1.2855083007135208,0.42353770212547737
2023-01-01,4.818445565222131,2.8455422267677486,4.756338740765642,1.8745107332097284,9.396916222120112,5.2019645284877205,5.466554685272588,6.444591591809174,3.832065642519349,6.4326318295150715,2.6198140148056863,6.138186258632167,3.83040568030332,2.1899434274699363,8.535881404080195,5.280163218522063,4.243908945357743,6.885239089760427,5.772040436798812,5.112490749714457,12.917856089397048,1.248596518400256,0.4123614820730328
2023-02-01,4.711967355832105,2.9808758704222713,4.054544900309054,1.0647192336267715,9.642221239906835,5.559305225860508,5.3947006473959265,6.471308423711625,3.194190816366187,6.754799694923023,2.1259754335979357,6.399476380911235,3.4777919159934587,2.2763682881205387,8.24390658142258,6.048867577366259,4.512757327651473,6.13390024646719,4.441494506875224,6.572629985797537,12.652575076415005,0.9423639767814445,0.2746526570606047
2023-03-01,3.9550953293716624,0.3642306220535838,4.255310088360886,-0.409831640539398,8.462023085750992,2.205586350328711,4.585363045040418,5.287792567329503,2.2902120050267305,5.956436451758688,1.4394506731546057,6.083697992900323,2.48199442127636,1.8629311447702237,6.707382097817918,5.184584608604617,3.968543774657506,4.712534162884426,4.487686819859907,4.452251876793397,12.450672651050851,0.4714102177555839,0.14378846846786608
2023-04-01,2.3396013346028717,1.1359314410014685,4.184674638072661,-1.8872712324959622,8.310546820286714,2.9420340287719418,3.216206558992167,5.0720347998956035,2.39339259288998,5.949976243879555,1.5279780830637284,5.13649894416946,2.4299281124344017,1.4931781374843014,7.103201774474391,4.816478133652193,4.141144565292587,5.223147138770797,3.4860590138451473,3.1765461381915685,11.534656423796328,0.011774941938623051,0.10753310148584738
2023-05-01,0.6942224857934072,0.2649842085011942,4.401493679183943,-2.137717946543532,7.580995964402138,3.776592606453341,0.9550506261184184,4.0713245406173,1.3841939653736854,4.921084042013406,1.4650887995929933,5.171589622030243,1.585127245202914,1.0958987588473847,6.448754913536872,4.24333008963206,3.416483037041439,4.745229929074098,3.100631997965789,1.4681857667276113,9.503282823055912,-0.2889656218531895,-0.22696009114938498
2023-06-01,0.12474108428706288,-1.0034283526028878,4.115604164470987,-3.136034197895981,7.2544237129410725,3.4354442728930037,0.5038765210836944,4.328516268979771,0.8553132790597704,4.4043665331417055,1.0327706028842902,4.737584006772472,0.5432038794396608,0.6565706618531999,5.593987519679436,3.760744219667824,2.8549554401815604,3.582945946274803,2.1037725306409714,-0.026236916906810848,8.319003441424453,-0.9203204230006774,-0.6576104764853472
2023-07-01,-0.19112721804161836,-0.5792337713788411,3.2016919070744447,-2.4404228691217327,7.2099388740303425,2.368618245225437,1.1540511921026715,4.130663682693842,1.29550677082491,4.583259950292022,1.5823385463984634,3.848754165809193,0.7456500634648453,0.5525877140817472,4.695230192839064,3.535003470168298,2.622026503803864,3.1394862394881944,2.086619078112709,-0.7411170478940718,6.2774562274200285,-1.2828107595035183,-1.4170559047862117
2023-08-01,0.4356591287673979,-0.2964480794955717,2.676655069572576,-2.1741210966976503,5.540305334075391,0.8771730615219822,0.47665656120720445,4.109760111185074,2.0014062661206244,3.784487720828726,2.058638489929641,3.664523772263745,1.2168212579612234,0.5024993085013187,5.02661015795656,4.030823351829262,3.1686693555480807,2.679792717609571,2.0390413569760044,-1.537445312236155,5.185073507342395,-0.30512163265463865,-0.5852072815653795
2023-09-01,0.3003519132716477,0.5773546176769715,1.2368965890160237,-3.2653761257535656,4.632205779286625,-1.890820730829593,-1.075589170279108,2.5740995557622943,1.8097373456635022,3.7103465388138064,1.8758543230296558,3.7943553756967066,1.25020772632333,0.6013265360893685,3.7660451597550963,4.024436369004061,3.2034314320439896,2.583139430201838,0.3927316524005606,-3.500608141829634,1.5569759192045929,0.02642758328767858,-0.9005596696677873
2023-10-01,-1.117783286266814,0.5307292140659046,1.9154899472444424,-1.5388572189874488,4.665477789499018,-2.5096596938267632,-1.8460284997744507,1.8667806586917972,1.1551025339702246,3.063522680334356,1.016051529595095,2.2490942189436427,0.8070864315281288,0.6393664238974297,3.1388980981015084,2.740910867632653,2.3234204861451437,-0.9412925574083726,-1.6085888609525503,-5.008204469845992,-0.5713532914705688,0.08601267640570942,-1.128194357958444
2023-11-01,-1.6840825326104074,0.30199751888734117,2.606869345633456,-1.896952601207385,3.97011130020244,-0.4682462478731084,-1.332478205641137,1.2653704035706486,1.1511724135409505,1.5257946734308065,0.890530961845946,1.6939205451888486,0.7064149353881586,0.3934804438671493,3.1257209990862815,1.6264061861899566,1.8388333159890293,-1.9488861700761735,-1.2111802111652272,-4.993980300030657,-2.3741108107567044,-0.35384295319922554,-1.5401124718910406
2023-12-01,-1.8008884507450844,0.17643161110370986,2.603253432723563,-1.439875176718946,2.647321391213776,-0.9020422891524413,-1.2431474852645357,1.7913347043436783,1.4219134619290184,1.8575960203124504,1.3552749342631492,1.6779575792359505,0.9144806736760689,0.660604961529925,3.3619735145200362,2.3366134214487206,2.061629283614829,-2.034081200430686,-0.6211742491542074,-5.000890488796831,-4.613553947169482,-0.483541010423429,-1.8564597686838145
2024-01-01,-0.9379626477414398,0.47156492412773066,2.5203095269764835,-1.796625542536006,3.634853001450079,1.0128862727925982,-0.7354527879301314,0.9944688208536394,0.9007214340059508,1.5428682564552583,1.2943547612225919,1.6939205451888486,0.6613810177147936,0.2307402285367013,2.422697833228751,1.8684667323287125,1.507870132469479,-1.7844678732021375,-0.22970023914355675,-7.10091471054081,-6.233795967705138,-0.8324803547739696,-2.0667117587370374
2024-02-01,-1.1659953694322915,-0.11305031201599558,2.351597706510234,-2.0014599031092644,2.784232778976726,0.6701759850122526,-1.1679874933758176,0.6344321415585223,0.8269809971457807,1.2393395830187766,1.0516709661407146,1.3504743003254052,0.7218298412084021,0.12183111226421928,1.9762819095575228,1.2028530618833595,1.3427811660236535,-1.8690238459467974,1.181380152145409,-8.018369666520822,-6.399696687657688,-0.5309020918494296,-2.284306264422918
2024-03-01,-0.9490889859903078,0.2780233220079795,1.7913122495341054,-1.706421362052673,2.3357218590626125,0.9446280021945332,-0.9976297008974582,0.278704575014294,0.9383316842129605,0.47990605968425815,0.9523404619689684,1.3273187819725254,1.03561811821106,-0.0003067111664043498,1.9562540811221911,0.6710561307027869,0.6920850119842661,-1.4490316284142697,1.1639006556882245,-8.921386963970882,-6.382441032318855,-0.5536788953577583,-2.0916123962047326
2024-04-01,-1.0307055730032637,0.3774722789355076,1.5262495400493852,-1.8585913448611429,2.1709290499697396,0.5667886805443692,-1.1686338688789837,0.3535710328307633,0.7318427866831054,0.19592018842830417,0.27633348654571943,0.6061866727629375,0.9194969972163545,0.3187307107008921,1.2850744335167779,0.3584630588396105,0.586957903959783,-1.785863757994159,1.3524828295064326,-8.557370073478602,-6.360523465519066,-0.7269930351549787,-2.0101810996757994
2024-05-01,-0.19400195894276706,0.6886767170015782,0.9125109576398676,-2.5205042244759994,2.019814999074466,0.576994046609566,0.20125056693719845,0.5232624204991214,0.9077554280942077,-0.1928823100733572,0.46166491785453,0.36208544171992285,0.8340898146469353,0.3406354744688025,1.1987461593409936,0.44752942189147005,0.6713431281377793,-1.8715259727547657,1.3401724176019068,-8.449378845561665,-6.032569033807658,-0.9725316855442996,-2.015687316168423
2024-06-01,-0.4574946867199152,0.4978892488563966,0.5215913855844083,-2.6442464737568443,0.8768717973233429,1.0876339461690057,-0.14298385216012388,0.349835304183183,0.71853259640116,-0.4082981235469978,0.08865968773232691,0.35579570865869625,0.5454589888039738,0.27949988693995365,0.8606018882552551,0.03263158693135493,0.5675913508919819,-1.7886415917147165,1.709688192651396,-8.341570339320029,-6.35716150415341,-1.2276442276620854,-1.91550565204731
