date,PRT,ESP,NOR,GRC,SWE,NLD,DNK,DEU,CAN,FIN,LUX,GBR,USA,CHE,AUT,IRL,FRA,ITA,BEL,POL,HUN,KOR,ISR
1991-01-01,12.876248720808592,6.530627523090482,4.013916759034419,20.034624248560682,9.886071106146765,2.8457858899314736,2.4846184168927365,2.7908904570538517,6.681743283858843,4.9898255225548915,2.993896352853298,8.414467650755375,5.497572935981276,5.362963046430025,3.289988964194457,2.523272383210351,3.287723923110608,6.087589483035538,3.802210441504883,77.94753797156031,29.316613231785805,8.760592987247895,16.862270016274515
1991-02-01,12.360121535344737,5.758219193732428,4.000533461369926,20.149870161469075,12.292881702693759,2.553151998298997,2.5346225198949135,2.8088368542176667,6.0319827821247785,5.016897483701133,3.191589709498377,7.815055952149841,5.176188565625317,6.028279824894955,3.265882879583959,2.523272383210351,3.3390603856381595,6.081314869935595,3.9058981187390707,63.83389694309276,28.63378938264396,9.464298797841453,16.393487352388682
1991-03-01,12.33089794718527,5.717402649014369,3.468555798789019,18.83441500173064,9.940550852889007,2.8519453086925495,2.359655496530255,2.8088368542176667,6.009320803415807,4.824020168856702,3.488218205712812,7.960801955541141,4.779071540181956,5.700114988435079,3.4600951461150053,2.523272383210351,3.2876846188819364,6.26922417257183,3.2443917375110765,64.05031859623101,29.502360183066443,9.652331967081151,16.952245631374872
1991-04-01,11.875187074693594,5.706967903781557,3.792705191206114,20.513570169153404,10.126855068593965,2.5615771582857327,2.524683975738906,3.034753777984811,6.009320803415807,4.6826602712878085,2.8341666273695054,7.607557297215406,4.77183069770728,5.734339654796816,3.2539367358555893,3.0102689553222817,3.038765924029274,6.265419764246705,2.847361647987423,59.30635972810616,30.608718112318158,8.99352738533472,16.855540150009986
1991-05-01,11.54611687744147,5.998211527849051,3.7864605619246205,17.56204926823863,9.659558428353066,2.660419453656626,2.4513787224119454,3.1152404251181487,5.979368471238633,4.78194134783303,3.141832214786433,7.358835665748931,4.834781283871692,6.089735283952091,3.2844178014679315,3.0102689553222817,3.207421460954496,6.338167380296733,3.1726970627679485,57.25193916286171,31.423143262095454,8.163207259416616,16.616618539653196
1991-06-01,11.913827336215466,5.978200378412701,3.6128724088505315,17.31090302027196,9.590492831348918,2.952579714946779,2.8971514638291396,3.5860578450624736,6.077509287366389,4.382124792729591,3.277679543715628,7.501335926853425,4.589005261925205,6.360243175144298,3.7004431393215853,3.0102689553222817,3.467033418530452,6.3521579354712365,3.5630653660118305,58.90066107226879,32.62526154049574,8.310416683013022,17.78588664829739
1991-07-01,11.66109730227558,5.877055521474572,3.4457879923688317,17.205685063289078,8.666714801725739,3.536626853053626,2.9068531861546454,4.725676625588271,5.814875307590395,4.20929632834941,3.712530958414284,7.164635272062991,4.351771246130376,6.345691179704538,3.558391026185337,3.474301437275251,3.6957393703815455,6.424046308498932,3.7509304930307685,55.65712950771893,32.353209295904065,8.651663661319997,19.41558023224235
1991-08-01,11.136175632945422,5.810241780952374,3.6128724088505315,16.530081648322394,7.841221827192779,3.344030271603593,2.0561941894440494,4.4146242503591,5.807687950720197,3.7021308066366387,3.570925075227116,7.2696358188165,3.7289866277009587,5.801229617146575,3.6355879970919602,3.474301437275251,3.1577741951930527,6.023772098156588,3.4750674302618023,54.15977536830394,29.4143163186424,9.067987906526032,19.393904138086484
1991-09-01,10.272187235843555,5.577001397916748,3.2576170434612806,16.763044519909887,7.7910839283118705,3.3465094854910227,1.7660447449928007,4.104552230397207,5.313171891389423,3.3341322949334895,3.1935327145125036,6.7093084641515865,3.3348633095559244,5.520752692400599,3.0972354804807978,3.474301437275251,2.608087555279237,5.963939429591614,2.5056144907494193,54.232441316884184,29.295644933151088,9.019157287921908,19.07399456401859
1991-10-01,9.74726387269067,5.319853578879785,2.433210065953073,16.264285827750278,7.5121583839593775,3.3473481439586728,1.8177289385088002,4.930819019892585,4.308356791424117,3.285658740656139,2.3640367266398954,6.32148942070625,2.87948763634569,5.001911876769327,2.644201769316634,3.6188165891861246,2.6822083769437732,5.606403811467464,2.190763037640764,51.834438534474714,29.206046976755307,8.905363832925683,17.520407245974123
1991-11-01,9.586467714379543,5.571778476369182,2.433210065953073,16.51007151292503,7.6310584582718555,3.633194229575132,2.3090594374309603,5.553481076644218,4.042204611761591,3.439091009515227,2.5361943170683965,6.1348023904510995,2.945716357880457,5.327159633272238,3.2018395634158203,3.6188165891861246,3.2265509555065464,5.659753013089341,2.8069979272310697,50.54054463039424,28.38337667615667,9.25021052578101,16.409130228863724
1991-12-01,9.418180366904005,5.380333218867239,2.7621577309929535,16.56570333145715,7.618652872950271,3.633192198446711,2.3154242050584806,5.589650450743822,3.685932975020112,4.050233296838623,2.574670033751403,6.2892430230902185,3.01825714633992,5.094767461649319,3.0087382121691597,3.6188165891861246,2.97323098983604,5.714045380084798,2.755238991445097,47.633915597237795,27.93255691543588,8.847568672900108,16.356355297661374
1992-01-01,8.992165614859937,5.795949160549441,2.2691411202070633,16.672108170328315,5.097354321447423,3.3044883300803463,2.097205285178294,5.529401635265163,1.5729352493703885,3.0049959290205486,2.8783145516309006,5.9592097202245675,2.567051544062693,4.755870892834579,3.7911507886053464,3.589292847111203,2.588582844829901,5.731963531619222,2.2512940574399565,42.77708939207096,24.8318308075119,7.440171736079337,15.316504900933348
1992-02-01,8.461300204264965,6.600076916999642,2.2618088587772256,16.735664694647046,2.4017203265596976,3.6825908729420043,2.3090594374309603,5.643257218001541,1.5729352493703885,2.812811942059401,2.7412295105827766,6.103589058636949,2.779987812875806,4.477940641940137,4.0166006664764,3.589292847111203,2.7516783408000123,5.50768887269264,2.2328139334686803,38.17112300599668,23.32533240278787,6.730469591778077,15.855908181340128
1992-03-01,8.85871566831229,6.636634566707711,2.4058899007693313,16.83058215493731,2.5098577842266323,3.7522306847913356,2.5220721031275595,6.053926313822444,1.5672462627534856,2.938444728127809,2.954264933425854,6.072691837424493,3.1355172675415766,4.754073802286918,4.0377106956266395,3.589292847111203,2.887564829758116,5.386625074387341,2.671286255427585,35.937459907692926,22.15606148765845,6.563506680552855,15.656891503691917
1992-04-01,9.675417165796718,6.312614045349196,2.398196468648539,14.881207010663866,2.190908475582809,4.031255316412263,2.4625101553918505,6.028441440711241,1.6867923830762521,2.963821103793407,3.4973096765396505,5.146363762959449,3.1309509032620753,4.6736245931285225,3.939661059929289,3.5602308337913335,2.794593039055915,5.3666836032062015,2.7246655088438487,36.97470425136178,20.317139812899534,6.707438592189963,15.273511445930144
1992-05-01,9.81534818181804,6.290312988030777,2.394368175262951,14.714973910247764,2.158568846512665,3.835562934454373,2.5001390121625278,6.011595201078634,1.3213447645695986,2.587972939209582,3.4993780302259303,4.943345785517295,2.9787825569603577,4.096373611266291,4.155283492009065,3.5602308337913335,2.799870238124136,5.436619378648366,2.736866741373589,38.386597242446285,20.895534756323286,7.036460690465818,13.393844431876767
1992-06-01,9.546522504734067,5.983393797582215,2.390552085355413,14.075544808297868,2.0319947357592127,3.3576371038003927,2.2802247393841846,5.707875168831222,1.0772131250862849,2.988671628588424,3.541039315462857,4.43786871935492,3.041500806544395,4.08303462278754,3.8808964986556838,3.5602308337913335,2.4990651670760755,5.232958572174873,2.6050103438242544,35.11719996952052,20.39566474151715,6.567821787401273,11.74277958987866
1992-07-01,9.51969237741861,5.0740956760404465,2.547908530098475,12.707192961920333,1.880390017612843,2.7633948074600845,2.17992761685597,4.838535338040373,1.1947611361630806,2.900396435813324,3.270551893814222,4.452507904141179,3.108316627706742,3.74706920951855,3.9615473328639794,2.7267099933399486,2.1844840280859756,5.035388291665743,2.515105771018966,36.396561231178026,17.81268348582237,6.351889045436021,9.164470201691266
1992-08-01,9.310282007315873,5.611006321908585,2.2329476398088133,14.22423742137573,2.090529809211983,2.8546154644010002,2.122530347909546,4.838535338040373,1.0746406180953905,2.7709932438222395,3.064280625043292,3.6069483818029546,3.0993371527679336,3.489362279201025,3.753949572176296,2.7267099933399486,2.0136812007952365,5.021610654036657,2.0524383512056765,38.299170389210516,19.41929143307366,5.707243160951547,8.16780466051834
1992-09-01,9.13421979452309,5.618867700527641,2.0619287202735315,14.279754768692143,2.452134422059604,2.830390941640193,1.950231782932832,4.838535338040373,1.3150261171665178,3.0597697008577285,2.9543793713457056,3.595158425224554,2.944568125364899,3.4135594068594344,3.7799832116796495,2.7267099933399486,2.1366217819601907,4.732463023698141,2.292644215083506,39.37691104876628,20.10595338240151,5.50497713411584,8.050324337019532
1992-10-01,8.92197195350013,5.052057463460846,2.2187914975361878,14.755285548014196,2.264756172112836,2.5437082286845047,1.6242949523247674,3.2924791354283833,1.5541306594078819,3.116454437447036,3.1421235376825507,3.4177451801586933,3.1521288566233707,3.4703184009636345,3.979048364098059,2.2365138826025976,1.9026717307463414,4.711021746579913,2.1437957153470855,39.037035432372804,21.34911931245762,5.239161992261376,8.0042727636906
1992-11-01,8.76509532584584,4.964168911444133,2.2187914975361878,13.995676912587252,1.3196153426981105,2.4460316134537585,1.4031594284144688,3.278968355249834,1.6667105224981604,3.094198067967824,2.8736302637115685,3.2523191705560173,3.002378574882414,3.2335409534900883,3.878777860525684,2.2365138826025976,1.6169069306751993,4.769226885750033,2.2031656726937854,37.977553294176225,21.88115749995947,4.282825004983204,8.255044688159785
1992-12-01,8.552192270257963,5.20931767313515,2.2187914975361878,13.455405737164083,1.8417752500801576,2.264235991665231,1.4606636504179704,3.274508688172073,2.1480607652216044,2.2944333199402145,2.8542546044188377,3.0821580040599983,2.859375527733654,3.363656816765026,4.133734151085111,2.2365138826025976,1.8876458499886617,4.756401443606251,2.368979472394539,36.97474881109639,22.755925285929113,4.361871481394175,9.315607602886544
1993-01-01,8.253369801512322,4.569583161385493,2.531780798428951,13.528703585000335,4.688681669122818,2.4552556719099172,1.5176259144670468,4.451175516906503,2.020262223068503,2.8348998258378444,3.462171559390903,3.0921910338586045,3.2065482468073725,3.406021701753925,4.019864360559744,1.9048139661036245,2.1071154639471956,4.639535773594261,2.803621744181939,33.78719778160857,22.994452495386362,4.412974367817668,10.120988813535492
1993-02-01,7.838959862536798,3.937264475751512,2.5237932589862844,13.551119426682545,4.926513552168199,2.5365388056630245,1.2959298230799554,4.6894022130634205,2.372583175913867,2.882084708070831,3.756045605478331,3.0771658666753687,3.1951632072249048,3.334623612498877,3.6491307401804285,1.9048139661036245,2.0290348373734446,4.441225513133329,2.741375471246865,35.282141157257165,22.045589554713054,4.4717166194280455,10.56537817764287
1993-03-01,7.287667790935082,3.92721445487485,2.6584833811060804,15.199078142382882,4.883542038858124,2.425509717124541,1.1305539248479768,4.54016538675992,1.8957824897469777,2.690501938510348,3.631344701112127,3.062286021398286,3.040167689098361,3.5739905571519515,3.7600751103719965,1.9048139661036245,2.2156553269989665,4.335038705518546,2.8902675714187254,35.38405517161549,21.038185377954257,4.674524222372289,10.709820269404657
1993-04-01,6.34431828811417,4.472039429262242,2.4962294559913722,15.007549416442378,5.073514118943923,2.4164762709451892,1.075266128462271,4.391940426799046,1.7762363694242111,2.6152416838027825,3.6989614282732397,2.556049697953444,3.1748565576561028,3.718040865583827,3.7600751103719965,0.9493875766850124,2.1284798810643046,4.405997334229816,2.865836518130749,33.971373472846665,20.601033597767817,4.649041393162356,9.711128160493354
1993-05-01,5.9455373664343725,4.486537165115578,2.338376226686467,15.212566022898022,4.770920255657618,2.324607847033988,0.9615418821660171,4.250313310979159,1.8913004525256127,2.6044970169222914,3.417461712449299,2.2258470600942992,3.1703991531896847,3.513539448653269,3.627812434702804,0.9493875766850124,1.9431562128756852,4.300789127752758,2.6533019061561802,31.885039874327383,19.404867654997517,4.373858709320944,10.536059018774457
1993-06-01,5.781765055100241,4.753541776692005,2.3347363996991,14.673477096116994,4.700636740249653,2.2389034933471663,0.9083613551991832,4.239051074708922,1.6529205618269316,2.0865692945560177,3.2835279963583375,2.2258470600942992,2.9517339898665007,3.0914500075027718,3.525268333796383,0.9493875766850124,1.9442356621753198,4.631663089206484,2.347485558093254,31.41529878092868,19.108114503597527,4.692541214572232,10.763076024988028
1993-07-01,5.940797635625028,4.786179935700563,2.0234153363968055,14.626050414917202,4.636472622576537,2.5059323071345396,1.1789995066038728,4.486240125746299,1.6490265668629434,2.082637299668999,3.4029625522415508,2.2329476398088133,2.7379710815163882,3.33079938837324,3.4538427296623375,1.4140021383590273,2.082830084521614,4.7939459362447145,2.5485827637534264,31.382069912462775,19.415575763839634,4.186517514526633,10.196496813022593
1993-08-01,5.881391941910685,4.475315154153314,2.184174191504873,13.60849066852583,4.67459045555616,2.9577123414710194,1.2309460949974316,4.486240125746299,1.7657811920328115,2.1226328132684102,3.607965934005364,2.5438573638684403,2.7303036186260066,3.5614261840730244,3.380947943172341,1.4140021383590273,2.138970436873233,4.611509439483541,3.1334310779419283,31.01550458104363,20.301424216363138,4.343136567156147,10.11497957541776
1993-09-01,6.149810970379477,4.217476795117214,2.1739986636406528,12.083179539139133,4.1159043912811555,2.752464633536622,1.1733402023828,4.357113559635284,1.7657811920328115,1.7372582034628437,3.603669011289057,2.69216575662643,2.6537860257784374,3.3822585192169186,3.34376884665728,1.4140021383590273,2.174149198150932,4.68835466978339,2.7806208887782624,28.178237176998433,20.789599223885745,4.4893685974210396,9.731722438310886
1993-10-01,6.338540988826313,4.529825570201229,2.0171358863779965,11.612217810881909,4.2265751257871464,2.752464633536622,1.5454614986256665,4.357113559635284,1.8801875367541854,1.5498418742396325,3.434241629974899,2.371652661731538,2.7132236883299576,3.311633431155503,3.408733422280541,1.5674362514679352,2.0724698656499285,4.752513754840582,2.6799309793819504,26.848787350350367,19.90568611482182,4.98038068843063,10.426109571228404
1993-11-01,6.627821723222205,4.633838788790623,2.0171358863779965,11.585780509778143,4.761420779740799,2.659485758141855,1.4893865327597844,4.082208096401185,1.8713907951190656,1.3025273083490774,3.4594588047832,2.058663360838775,2.640875098311657,2.2194649141983547,3.4056237859700467,1.5674362514679352,2.070467336169113,4.3840300506525764,2.5034727744574603,28.58220541565437,18.87762485794613,5.3304266379139875,10.863375341038362
1993-12-01,6.495287268699901,4.807860176288425,1.8634079544892934,11.345840481822433,3.9943547351894537,2.578426920299659,1.4925622763398927,4.205604717878586,1.6393713800727738,1.5160893414838839,3.5488205399905937,2.211780525361906,2.7113373570009536,2.4519887859992373,3.4931405584664788,1.5674362514679352,2.085278901913057,4.288819809491784,2.6614297307550494,31.812277788747867,19.146678174256326,5.638205897668813,10.23912411012251
1994-01-01,6.283474250520094,4.880625234975788,1.3964540350372978,10.692629518177554,1.6267338029809508,2.941399268297662,1.7595894082597319,2.9891659360549383,1.2858196795024313,0.2288458068864685,2.6053279862891188,2.531780798428951,2.493206571097506,2.0573148567996746,3.0382923488603275,1.7147734618225385,1.8182319083190457,4.266857201786056,2.392914733362783,29.725150926384103,15.69770307486169,6.1587064100904865,10.161025750819519
1994-02-01,6.088623784441793,4.8846474867973555,1.392133851860855,10.761945427932407,1.6546901132952208,2.9252494775922955,1.8075992864530654,2.9660356208699667,0.11716501192822193,0.28278078618546587,2.570969127410283,2.3641763057040244,2.484586140803735,1.8226665067620829,3.0799309762928218,1.7147734618225385,1.757562748111674,4.335572586041181,2.4598728231462808,27.321955712582024,15.363795474389352,6.590210035898547,9.314907619568391
1994-03-01,5.915628638113901,4.8633423768539075,0.921665510492442,9.571792274828628,1.5991805951463434,2.9066483130278264,1.6985492895787324,2.8315846953269386,0.23446746130098006,0.355145530263723,2.2513402786359826,2.197890671877545,2.4760576143053825,1.293166990877559,3.0093067383177186,1.7147734618225385,1.4774550557995703,4.23792084403809,2.2890111156313786,27.350917555531183,15.603837746413118,6.198848189798722,8.961214571349752
1994-04-01,5.915623794694103,4.818808863357482,0.9202518931162196,9.750106979120421,1.5844957589697728,2.7175558728577798,2.011727851638323,2.6976540467074095,0.23446746130098006,0.19976818631475268,2.1214954494330307,2.338376226686467,2.3336742488661244,1.0419013334768579,2.950590186493862,2.6419538488703154,1.6247200178304944,3.971797702178037,2.3808141862943444,27.792593134017096,16.004368702184735,5.7738705241191735,9.787766100416695
1994-05-01,5.6730783250122485,4.747370603860901,0.9202518931162196,10.230386247402024,2.043671308622841,2.89874880129668,1.8957836235681924,2.820692389763657,-0.23446746130098006,0.15431223273312256,2.1082038740583897,2.331107886844741,2.2626866684048785,0.360548620328327,2.916018374952234,2.6419538488703154,1.703618715256816,4.205832915506669,2.5224605176095594,27.570586509032236,16.79809708403561,5.522924425564213,10.45909367250677
1994-06-01,5.584866138832645,4.6072271520631425,1.071165559492826,9.815726518696,2.3926912544311563,2.9988555743939216,2.053245684120597,2.6872973488431207,0.0,1.2744701638192524,2.097953901461036,2.331107886844741,2.4625073035316802,0.5434315938892986,2.821274137092722,2.6419538488703154,1.7180678937810612,3.7708667146683084,2.7191821043278885,28.689797594790136,17.561598127908027,5.727911033084743,11.32376041944747
1994-07-01,5.168158524929822,4.641205526391712,1.3772214621226908,11.072653882727845,2.6065391942634797,2.7126411238227455,2.0042849349200864,2.4220442345425752,0.11675462516986812,1.574406279799323,2.161622153052001,2.029734006367523,2.732406180187663,0.588197914381805,2.8187432604663165,2.4654593898751465,1.6220624159928754,3.6762637560683764,2.68101012210451,28.84555258462673,18.26535616947007,6.657332012097594,12.456266452446174
1994-08-01,4.96600037210051,4.688377855447179,1.531423497304285,10.96339558035515,2.5274452543285975,2.5181180610497123,2.209449407711528,2.6736111314400013,0.11661846769959183,1.8546658388673087,1.9692827271216906,2.1739986636406528,2.859291080284976,0.48827376151416857,3.097850728848872,2.4654593898751465,1.6085406797813562,3.7551313464565084,2.4132683642181796,28.312637986121956,17.89675736707612,7.0941302462634415,12.813732000050493
1994-09-01,4.77289140774646,4.428636369965666,1.6755913728438543,11.07546585507575,2.5412814068909384,2.6787290339131076,1.9948152817987896,2.5511708006535905,0.23310109512859611,1.886591534763049,2.170404689406258,1.8576385572935727,2.920401867064548,0.5900794995823411,3.0327702832192216,2.4654593898751465,1.6035130913054196,3.8274226708233883,2.4278465158480422,30.382326475092647,17.36291257210474,6.300037573010986,12.913579366735561
1994-10-01,4.625243208948948,4.273272902048664,1.6755913728438543,10.122031895617578,2.3509588670785675,2.766794894750735,1.9377360216837225,2.425149631360757,-0.23310109512859611,1.8393872668331923,2.0406206165445973,1.7041465854852333,2.5746668748333867,0.4332213545051644,2.8902020298842146,2.306013983494193,1.641048558624636,3.8084074991493466,2.1057805329026458,31.42163260726516,17.85641258664823,5.591270161849282,13.198301521054168
1994-11-01,4.199732112012633,4.278827381759864,1.6755913728438543,9.73683835250112,2.2386024210653055,2.5023643023034836,2.038222226962194,2.4220442345425752,-0.11594241627710389,1.6898189658134832,1.980980358761908,2.170627858186336,2.6397444485695587,0.5608965970205659,2.7132384569693357,2.306013983494193,1.5588251938897457,3.8767778410805143,1.968916531887288,29.116751565887444,19.160208762147192,5.906501559341137,13.291853402090226
1994-12-01,4.2480266694111535,4.245628289368497,1.8293193047325573,10.13522917891474,2.4387606267575634,2.6022089019331673,2.2496362418380045,2.415884726175044,0.23201941504629175,1.6191292646550615,1.9878296134407059,2.3167059281535174,2.6397444485695587,0.41922565716046023,2.563866745160137,2.306013983494193,1.5729137841264063,3.9511224968075354,1.8423563138314059,25.542122410777736,19.22339147812582,5.418628182032226,13.413937999355063
1995-01-01,4.453433407619833,4.271257489598312,2.5856953836298935,10.133658434768256,2.502837574825989,2.416225578142228,2.1955885382018536,2.2785834747518052,0.5790422806709827,1.8480522988722825,2.3117864674246924,2.3167059281535174,2.7657690334237373,1.0097925570299537,2.5451001863444844,2.4428728377619002,1.705278838271962,3.8513606150932134,1.8554508669169856,27.72379337263695,19.969791319011556,5.0665240924773425,12.899197127575901
1995-02-01,4.473218822007485,4.724034815890832,2.5778531328076504,9.521920629765246,2.550672298982626,2.4033207485490315,2.291768949596573,2.0126559835466296,1.8562077823270684,1.7444102722349974,2.204592254077564,2.309571479464978,2.8227764459201055,1.4921722823569183,2.385910114998868,2.4428728377619002,1.7272052638610091,4.155385770171449,1.8085614238574799,28.83246134943405,21.369230257386775,4.3678393003411475,12.629376085232424
1995-03-01,4.710036073024515,4.975166997771918,2.7150989065950704,9.420541091852419,2.5769102210771777,2.300988168346052,2.494931594042882,1.8856746395722546,2.0858297424300787,1.4950757567301132,2.270781378578146,2.454110891611716,2.813305962403234,1.5519678856996677,2.3783122371675347,2.4428728377619002,1.8033054942888427,4.780171006973166,1.7265895686569444,28.515998199170724,24.262180412831835,4.517471640046766,11.460330603897395
1995-04-01,4.576181857748907,5.111198227829217,2.5623104887896986,8.981380836774067,2.829515519168435,2.296922510245114,2.382291395876557,1.8832935153048957,2.4292770821034537,1.2862277607479378,2.191546036286951,2.284943277234408,3.00724621332229,1.5838932892819457,2.5229714493185007,2.7233223969572506,1.6520421390313622,5.009132393939542,1.7030923153193989,28.030190320079342,25.64605408324745,4.964525785827467,10.396077943965398
1995-05-01,4.274638311495504,4.947159860126948,2.7110094009475283,9.21391478020226,2.713696374683572,2.0327749318056476,2.320295074729195,1.6301344222422465,2.8920558705733512,1.4271937635371046,2.1371210980930755,2.428040370705453,3.1367424952727596,2.0179891639713787,2.3762299119005625,2.7233223969572506,1.582014493186179,5.059299782564164,1.370955230248594,28.16398358616339,26.881380698602662,5.085803010116496,10.30484140788177
1995-06-01,3.921080796472598,4.934132333998598,2.7028672387919173,9.058844958223533,2.583942677526263,2.1258589280350293,2.062996844086573,1.628092881245724,2.657588409272371,0.7826475832433566,2.1545301594370514,2.5778531328076504,2.995235273746122,2.0589212095535103,2.601299510660926,2.7233223969572506,1.6225632536255752,5.5191940349154756,1.265896093005292,26.687900208702153,27.029038294727272,4.0894314817274235,9.136778311093918
1995-07-01,3.7846812902592397,4.558814843357517,2.4025179586989687,8.16529717890857,2.46583455870919,1.7684009044360849,1.8111790368255498,1.624024884447195,2.5346916417570142,0.7078502981269885,1.777102031271216,2.8943376039488378,2.725336397090139,2.008729649976182,2.1764798977692124,2.406119095853221,1.4496898179045203,5.428320356424177,1.1869666070343676,24.38102810920242,26.638124482151547,3.5394842370109814,8.211958666005614
1995-08-01,4.013904286128955,4.197129511572939,2.254039831941057,8.008512875836171,2.312112930803334,1.4984819873467004,1.6000407837077901,1.3724579875497689,2.1902963192866665,0.30593223304133943,1.6403134932033936,2.727441791965912,2.5837781916760783,1.9331846673349418,2.107133632538627,2.406119095853221,1.9418085857101808,5.574695399722263,1.2765114206829686,23.132917118528162,25.626399033633174,3.373535416098461,8.329238518891913
1995-09-01,4.05802948981675,4.285700370563017,2.240571697526672,7.723254011277891,2.0772807466105547,1.4866877835173042,2.0576903953848813,1.624024884447195,2.1877597644291313,0.08419057246280559,1.5037414223993295,3.0213778596496432,2.5116977773158133,1.9783174221013056,1.9529665524133932,2.406119095853221,1.98872086449855,5.479735791339024,1.1870735558646928,21.701116817300694,25.30483549873881,4.571352193663802,8.241202820711191
1995-10-01,4.015128336429985,4.255063057506181,2.240571697526672,7.5490573231017155,2.1919242161872354,1.311779728076079,1.900915091125821,1.5018991640667778,2.3069147869862583,-0.0851242567867061,1.4672402798319162,3.0259494763112293,2.770618138365588,1.9521844046990644,1.8718993409144957,2.402521166675431,1.8789279520373015,5.376786146264934,1.209894536535483,20.644447271126953,25.47942930048288,4.3832999216657065,7.720205036058081
1995-11-01,3.8910535706155436,4.346720775515767,2.0927520105956,7.549433836579089,2.2246330805225867,1.5762103205233302,1.8452670520780146,1.3758779947739441,2.066655905588455,-0.07011916251427053,1.316440568495203,2.87245750450289,2.5718503312304186,1.884800065671044,1.9020673362920348,2.402521166675431,1.9446537162048472,5.508855896150866,1.4541937027833463,20.332404239586044,25.182770214134997,4.0300523069540795,7.44144751288629
1995-12-01,3.4844195805828093,4.228695761449419,2.0927520105956,7.6229810950945165,2.0881368752944773,1.6688956743556638,1.7944639144540808,1.4962942673831137,1.7231813520687034,-0.03588532616580764,1.2512458042668761,3.007745523727756,2.5067266112304587,1.9293277034325484,1.8163946627016259,2.402521166675431,2.063850632961106,5.419465573528726,1.4539105388455376,19.99253609389551,24.920448552256104,4.6447847687422605,7.577832498846915
1996-01-01,2.53009798179491,3.807251304544934,1.0455659104338544,8.034491994513715,1.5692569789238497,1.7265047090842423,1.6410719979394806,1.3673265959782022,1.60369062368666,0.3605323693156137,1.0111325072410082,2.85948752770544,2.691343837036353,1.5069543824661302,1.6330477264353327,2.089627253817028,1.9270979781742525,5.431387358469575,1.9426003174559447,19.276560319277223,25.362326115068612,4.690889527943387,8.346662069930977
1996-02-01,2.547822805362898,3.5905321332733386,0.8941937375660736,8.11434733438805,1.3295238607889281,1.5788652787059654,1.7862067147651928,1.4833467593701855,1.2564310586337335,0.4890819166949001,0.9694070423873491,2.9987254427664034,2.6162493696240574,0.779404060221367,1.625595832443416,2.089627253817028,1.9999342158621758,5.1000024064679295,1.863874075992289,18.584771660100287,24.88661708922617,4.675941745070222,9.299626808679307
1996-03-01,2.4363687320650307,3.363921344516285,0.7412932389125437,8.472024151410462,1.394345203906866,1.9708467480950453,2.032594875146909,1.4833467593701855,1.4798124991465933,0.5788920720630308,1.0394142739225565,2.838129253822519,2.8005802889899734,0.8944487226268727,1.7895639060246715,2.089627253817028,2.333197515954133,4.613921136528365,2.0165425857322283,18.295260871874717,22.852335488914434,4.34075093367281,10.472349359183442
1996-04-01,2.80645618128581,3.4011530006424984,1.0362787035546717,8.430198418283119,1.0136093732052487,2.1002615039277472,1.976250252481293,1.358893992229504,1.3620996313075118,0.7380017194117627,1.2498946585747461,2.8212710094355664,2.8554722804133625,0.9072531098643921,1.6191167623919256,1.4814992103500124,2.3304326315445323,4.605587382999943,2.0323418642509417,18.232164456122035,21.84752337067737,4.411150589852131,10.934435158378664
1996-05-01,3.2596460677185135,3.705440519419767,1.0347468525425008,8.33328559567672,0.7952974201818286,2.0288682176659023,1.9182949116968828,1.4815154406349507,1.4714374520531592,0.7964098625893534,1.1981063948004689,2.8087581810261497,2.8499230333191683,0.7299499826468825,1.4781407283669168,1.4814992103500124,2.3920183717652144,4.362136729360255,1.8936099868630762,17.77658642033937,21.453519927110687,4.784635757488509,11.963313229820827
1996-06-01,3.426671989099006,3.5267966454716415,0.8849615276982803,8.052566472252032,0.5470678597494505,1.7825770856917167,1.9712556029945816,1.4796886382463015,1.4714374520531592,0.3778089182104871,1.1372306061730342,2.8046118685703725,2.716847932341082,0.7266365408424846,1.641242457878267,1.4814992103500124,2.275066893293065,3.929564225165638,1.8054264718601054,17.93140746979791,21.152298021291926,5.083202325411307,12.308196741913058
1996-07-01,3.5421716832942707,3.644465361594307,1.326474865848315,7.881939633287072,0.41488425831381903,2.0298319567670475,2.2814583527522636,1.3538632122399363,1.2436605972824033,0.5168023952204059,1.176767674860013,2.520518903040081,2.908108704293433,0.6541512554872675,1.85243159581292,1.4749587849519408,2.279263414183852,3.678128274087644,1.9127297359243123,18.685680358966916,20.626668395408167,5.26024265082361,12.46748676584657
1996-08-01,3.420602114519866,3.645242163647655,1.4749529926062266,7.67083774071553,0.08242479665643287,1.723879236790271,2.328034072537477,1.3538632122399363,1.4714374520531592,0.48828053250060677,1.2970909369347083,2.6550232094121107,2.8370743741932714,0.5960677294681638,1.842605228063121,1.4749587849519408,1.605086425859259,3.4637202881349083,1.9212858627354557,18.774143398056875,20.58741935410353,5.133436511586176,11.413348084971098
1996-09-01,3.2746571286189408,3.4962743160306786,1.3206354813610766,7.649564129162378,-0.0116988968146714,1.8373471715618983,2.265378262129758,1.3538632122399363,1.4697882210398916,0.5974317486601599,1.1450416995760548,2.6433257068156024,2.958416698814581,0.5687695885727706,1.9992207879271362,1.4749587849519408,1.5473689278174163,3.327462328713615,1.9650158051113031,17.674067834375062,20.0500994677121,4.433152518004402,10.94089842295558
1996-10-01,2.8769210401701883,3.4466136890746846,1.756999810138371,7.684701065976274,-0.1948126410334261,2.1545710375371563,2.363697244286378,1.6020101019131872,1.8079503659055973,0.8162478345690616,1.203382973255085,2.93706867959882,2.948933007789556,0.8365714690249604,2.0892995219814914,1.9104224764814326,1.70161173766461,3.0375315984967344,2.442552204938764,17.393877526375825,19.089645497753295,4.925167762264948,10.836808309972579
1996-11-01,2.991021588083509,3.1874057279626555,1.7595761890379258,7.2300573619033415,-0.3549842773670875,2.039446546479784,2.3589516724080717,1.4796886382463015,1.9134017279825777,0.7986496642250707,1.3709123369091358,3.0816818645988064,3.2033437894408046,0.7269824186566076,2.2301562830483235,1.9104224764814326,1.5315437787387864,2.882166257104757,2.3520509107583187,17.319424649721114,18.346769820034226,5.125329003231993,10.754939168472166
1996-12-01,3.1413457808469936,3.1607098896577313,1.7595761890379258,7.036625350082648,-0.18768900064287664,2.1851693629597158,2.3104932841710557,1.4742218965803744,2.140933865225225,0.9684940058978242,1.3206798840849743,2.7759269634274553,3.2684675094407645,0.7783520589499382,2.3158289566387324,1.934013219938091,1.6468807713268419,2.824406325701645,2.5131584180042132,17.078995226607454,18.074340274738752,4.807701280647869,10.29908579318679
1997-01-01,3.280800396226624,2.841028530789913,2.928466954517539,6.543427323309281,-0.06261030733858419,2.065828484338361,2.6601175044431713,2.0770381910454105,2.1361196912447866,0.6675743663946854,1.3390711159855684,2.635584470536312,2.998614540246791,0.8266776616804528,2.053225039777473,1.1321121484122898,1.7484787817252823,2.6950638523381976,2.2973396857325135,16.567946256633626,17.350341685346258,4.579292762227727,9.672957814294936
1997-02-01,2.8643903017429473,2.501123010431172,3.2119549422112925,6.347108106887767,-0.21906270259286487,1.8857535883760157,2.151695858451763,1.5824951080572802,2.244770501816795,0.31812459235025514,1.525839944013363,2.335872627762825,2.989078362125319,0.8418125972312396,1.9885815094389692,1.6683124944702143,1.5742210214392927,2.4004882413811934,1.974441278231076,16.211886030942413,17.221427563307845,4.741943650984837,9.741394174756124
1997-03-01,2.6424897532378644,2.1964934121755597,2.911413784824912,5.826520468770813,-0.27264460759228726,1.7261648393304796,1.646330964733167,1.5824951080572802,1.9026937048215231,0.5260848135863583,1.2371746093160496,2.185083294810841,2.7242797950552067,0.5214525743872933,1.6196864054863092,1.6683124944702143,1.0111571763561145,2.2967553224795267,1.445121592230958,15.595178193126502,17.203621488136456,4.435813209103134,9.478852627836165
1997-04-01,2.002852913919817,1.6668326318447058,2.6164283201827843,5.695257343985727,-0.050428080512521234,1.5359521074592486,1.6915835136241064,1.4616388873611719,1.6769592329872296,0.8903068052300789,1.0363888209125705,2.0290551189733996,2.464592414341027,0.5208396534169601,1.7041908887919455,1.4042429463714257,0.9326492474095005,2.0048454185680242,1.2478260798169494,14.351225580830151,16.999078005155297,4.223000212623074,8.826598489999604
1997-05-01,2.2325575425957034,1.4680386493356679,2.612630459221954,5.2732509215349666,0.0659861100380077,2.0098293513919785,2.029263388372371,1.5805710643154391,1.4501137779074469,0.9179467596053925,1.0651527435681984,2.0202707317519497,2.2103876056474903,0.5750283427687464,1.9282301614990338,1.5820227863832415,0.8663660577871823,1.9030124561411732,1.570401685579803,13.505226402455328,16.261072124519416,3.7411593917711983,7.476800592793431
1997-06-01,2.0153907367517654,1.548591537837396,2.751802889389232,5.388202769424666,0.5557252657658829,1.9468492893934375,2.373984254571493,1.5786516936063144,1.6713535186292816,1.1249371435668287,1.1343460911035663,2.0173594812240125,2.271393440908298,0.48051694261284084,1.3935470399427885,1.936637096479199,0.9575642525733841,1.7110747034107199,1.7230815677598876,13.897589387569242,17.14400771015896,3.9246910166111704,8.11733009112201
1997-07-01,1.895254660603296,1.5985235532265385,2.3155882663020044,5.270314506859108,0.5958329214686309,2.027533687051708,2.2795913636399767,2.2961743436794357,1.6713535186292816,1.153124998680699,1.291506388907493,2.4585475472615137,2.2048178137848318,0.5116776582559268,0.47162055922997936,1.3192822594962905,1.0108950782740322,1.8069831069276177,1.8775250916679198,13.78584102284437,16.67550400882387,3.6322628330048623,8.762176367090913
1997-08-01,2.081048715032985,1.7559066869114126,2.172424319158228,5.4287210903793515,1.112100320134335,2.428454708132488,2.4704870601093276,2.4155746991199933,1.7817901079689946,1.5974973243026547,1.3692130554586512,2.3022599588315096,2.2006437888634878,0.4734657755994576,-0.05535110058909609,1.1418179153945829,1.4640411786840168,1.8052805820624407,1.8178492512713973,13.465701458382817,16.540499133056706,3.8883877724060767,9.081275257956456
1997-09-01,2.028744863980503,2.0060737828520914,2.3055776299925945,4.8020999158312705,1.4678448297425817,2.4210809441593817,2.2638842000915815,2.1766184315463732,1.669493266410793,1.5661572438405713,1.6344356151658523,2.150620522096336,2.1317477566792142,0.41327019664336717,0.7222120336962234,1.6732689252493493,1.3442104947252176,1.8035524991300456,1.6009194533125992,12.965792157051226,16.521258206353373,4.15454285744552,8.53433831483068
1997-10-01,2.0298374854678336,1.832692126981783,2.011562079700635,4.585843055574124,1.4980284318232506,2.2891452409382396,2.1633115096174826,2.056932249299326,1.4452771941165565,1.6615405837167252,1.6999769435612322,2.1475413725571713,2.0632102483743253,0.26142506879063276,1.2494940109203156,1.2658420130066794,1.0329336513882126,1.9896490648024567,1.2928493218996806,12.533376494415727,16.322192621873157,4.15454285744552,8.791181554293104
1997-11-01,2.2416208881620214,2.0252844431401407,2.2989518224699523,5.014461422489891,1.5317823193099045,2.4464312110827002,2.1105069039153435,2.1792537129662115,0.8879110328857465,1.9106376008543258,1.4993355150554777,2.0029281875571847,1.8119820229526518,0.4160020140171916,1.165711616027032,1.61795900601307,1.2906735698851257,1.9821366725342848,1.4011378397271734,12.381392727309537,16.705426889652575,4.243191296196969,7.742456749554094
1997-12-01,2.4294107663370035,1.9949655573732628,2.2989518224699523,4.60726940569316,1.6342538866727097,2.2520906208841396,2.063965648536037,2.051979379505653,0.7773523462909715,1.8703163122451016,1.460304705851545,1.8558705389768448,1.688069399702119,0.3856072774786945,1.3586848698030174,1.9452352371855497,1.1343251298428392,1.8868679601102833,1.1370122339032562,12.107804269156208,16.878028015836534,6.367015841370005,6.8755655211064415
1998-01-01,1.959486724708892,1.9405601428475805,2.000066670666989,4.302793402049421,0.6943629440157473,1.797993641579687,1.718681148925505,1.2019496407291719,1.1061956091031,1.9179341371848402,1.409522788762274,1.7192400540372965,1.5591261261533873,0.015370763271871368,1.189997657102282,1.7762509121929781,0.6061015395218305,1.8815142709558863,0.4008075055703664,12.40296618333061,16.26856511902357,7.968141597224587,6.8519859404674754
1998-02-01,1.7447437822071699,1.774404269028107,1.9915309700941464,4.179361741619481,0.6012592930439986,2.160709503866798,2.1063714396063915,1.319751736467989,0.9939234772176064,1.8488125571711755,1.0729951613844158,1.8585238303338691,1.4308109807500635,-0.03706247749946101,0.9933843655658414,1.5915487161450415,0.771509548838889,2.065805800038234,0.7321998036307065,12.99536683464293,15.747379771749825,9.119030710148124,5.452791919804412
1998-03-01,1.8828217884636622,1.7711104425985447,2.4097551579060905,4.473179785454562,0.3465235372325459,2.2282687552541702,2.2505781017779114,1.2004937754736211,0.9928270149162977,1.8052230096407662,1.3101644417816694,1.997213318691493,1.3656275120593975,0.03303994035332991,0.9648596556134592,2.1164757089266573,0.8604689320397263,2.0600023003986223,1.0255061656329723,12.777932901227507,15.186073466670313,8.579555473284195,4.588739846553747
1998-04-01,2.43409175367697,1.9823877201669227,2.4097551579060905,5.203440611451615,0.13961183282260592,2.3649750883592446,2.195736621453559,1.4406079571640973,0.8829968735970084,1.7378175978148391,1.074793844448596,2.129250065145172,1.4255046619189748,-0.022598876335599982,1.1840991487940045,2.4605942812756965,1.0261762701889054,2.0580612213429994,1.4935968536004651,12.547763809170842,14.836565211218478,8.457312927489014,5.0430897990939805
1998-05-01,2.4495518850100595,1.9673719902268516,2.1262317651923546,5.155804877124659,0.30222494412823764,2.0398822252869486,1.988901971373025,1.318170237581473,1.1013223860005361,1.4533227754297329,1.2888233536942018,2.120220765060221,1.6723850479785085,0.08237902473675618,0.9914693537999675,2.6294391194510602,0.9099710339929068,1.9599230071871254,1.8334044270130079,12.367581173321529,14.677538678411306,7.857289810687718,5.017764905826549
1998-06-01,2.841407797229767,2.035475872487602,2.120220765060221,5.064953214891599,-0.038768940880107294,2.1056384533785,1.6962057765062433,1.3166052701013342,0.9895520952071024,1.528828731561127,1.160741282827349,1.8375075304994937,1.6703158607702662,0.1008552283710884,0.8817964169313797,2.7925051438643322,1.0122451733448834,2.052315220133316,1.5709383492859885,11.267309376946244,13.221756031656318,7.248338574538593,4.149969606039683
1998-07-01,3.0213681294887884,2.2206786104731258,2.2631800460197304,4.977405297328641,-0.0699082762308123,1.9732846060325215,1.7965965459512567,0.832836735737974,0.9895520952071024,1.1399794664714413,1.1287351409288604,1.6997576368570577,1.6682517876284386,0.07512445927586597,0.8817964169313797,2.6248232922307935,0.809097074226095,2.052315220133316,1.0144142423567537,11.17787261430494,13.161250337252062,7.0651598648098,2.9754113819918437
1998-08-01,2.56031986929246,2.047893199765749,2.1262317651923546,4.90709590609395,-0.6423321766800605,1.7171428248802023,1.5496768382133652,0.4761935939757933,0.8791155058673894,1.118753266508854,1.0391324061053808,1.5526070528919966,1.6039859779375831,0.13946093028591733,0.8817964169313797,3.14711945396029,0.6154654637645862,2.050402406094154,0.4390816508895057,10.457278803942316,12.620472982136732,6.6763521024363115,2.9607423430523028
1998-09-01,2.503566639391863,1.6279973391686298,2.392795369523526,5.092529342319718,-1.1678836609095633,1.64670201537378,1.6409643534590401,0.47733013434507754,0.6600566390667417,1.3204059434380966,0.6561197049910206,1.6878037787352085,1.4778512850565306,0.06168311206788957,0.8817964169313797,2.9593152570119408,0.3972072619408351,1.9562851913979884,0.8252097975976369,9.84804460737072,11.787887707650002,6.645284235170745,4.408876949640739
1998-10-01,2.9142348257328976,1.6736209027738091,2.250446591038191,4.577918430313765,-1.0233516255746977,1.7694644880420718,1.640172681515839,0.4779004108150353,1.0976955535016764,1.1054115156898803,0.4790682453685413,1.546060310637909,1.4742346128444161,0.034254721419557654,0.6874653187192159,2.7827907175041133,0.397410945452048,1.8587948473377303,0.8527152684741246,9.402900099640643,11.569529274731405,6.9815698981077645,6.237037289086178
1998-11-01,3.008784197336567,1.38515111591051,2.247285585205816,4.133520217511855,-1.1106269909659794,1.7273030089549835,1.6855722216151392,0.4779004108150353,1.2081321428413894,0.9031356809328983,0.439626800633075,1.685433155498206,1.5361333932259136,-0.09856589190722076,0.7970318750311733,2.0870269115913054,0.16657060677545132,1.576288498089795,0.5769338329512763,8.722236445546372,10.626633527490625,6.556635796419297,7.95332263700681
1998-12-01,3.125650733887042,1.3959369140484235,2.386078112690626,3.7961390891086744,-1.220248606773744,1.7603136857038848,1.6879972327620507,0.35777422221201505,0.9906413318734764,0.8158618236525861,0.4008196952191234,1.822054611352808,1.599053352137414,-0.16864159862066685,0.6861445102165575,1.5638926643026352,0.21765580579122812,1.668242095506045,0.5774096959578756,8.062077044444305,9.801650384662741,3.88889057705315,8.284986628126845
1999-01-01,2.661132513959963,1.5270486709601627,2.3760726489143735,3.629803593923153,-0.2218316936974496,2.154532137639187,1.6896409064296236,0.2386583164349254,0.65789930107929,0.49559821735147835,-1.359903024266007,1.9691212890180942,1.6569897167100223,0.07288856738805194,0.49396306154179115,1.398625412507215,0.24398085939072445,1.4801312394169486,0.9608872796065704,6.469047520683624,9.306324119311205,1.4526578668795587,7.4935472881806575
1999-02-01,2.73852997749664,1.8201998586745205,2.090668481931335,3.6228702063599627,-0.09736877508936814,2.0874679496729165,2.0154333292121684,0.11911590577708964,0.6571787028009979,0.7571328633080299,0.5078736418706598,1.824612022780503,1.5931743785005281,0.28760652239947504,0.49301597684747733,1.5666004575658476,0.17916564813207358,1.3844319491019164,0.9725443706316561,5.350116339633892,8.979402232160272,0.16910093834718865,6.888241204338019
1999-03-01,2.895732042720933,2.213825839312822,2.216157180285183,3.3431298871670734,0.1281717303990071,2.1250972200734353,2.295666577755462,0.23837386677145744,0.983080540184833,0.7844570229228687,0.575764169346904,2.096512846504517,1.7115334167620233,0.4659286944334262,0.4106822672294008,1.3865052824120205,0.34467385881162826,1.289146226146265,1.2196114548387094,5.768602898396047,8.869650256904382,0.505657574486662,6.744122726382695
1999-04-01,2.818296257034092,2.335264177571883,2.489755162172713,2.767316827009214,0.0581009715540759,2.0925873705111897,2.337337729121991,0.5941784193030486,1.6349192131619894,1.0590218905854876,1.266961896572738,1.9472103412820019,2.2513743483155046,0.5920105376965523,0.19144277404885557,1.3793192140417965,0.4202489470552351,1.4706217473870353,1.1600302543397056,5.840243933795275,8.977866395597811,0.4198635489193414,5.734054041923375
1999-05-01,2.315714075050135,2.201599890628625,2.4932039335483047,2.344882902035117,0.07733673150527309,2.2172635946462016,2.0442824449611763,0.47506251352595896,1.521773521765546,1.3561155134383718,1.2145039646497935,1.8018505502678472,2.066933845179708,0.5741065091529052,0.4920863012444876,1.37459321519815,0.4074362651872221,1.4679232743254111,0.8433203860651162,6.152276121866951,8.492626034731154,0.7596193176427235,5.860744095974635
1999-06-01,2.340616144137986,2.158195322941747,2.3497971267304685,2.06463734766702,0.4332664669927766,2.253811266093031,2.3742721996962146,0.47448624029531317,1.627822102083698,1.0956373764622107,1.2150942528846187,1.8043515193934212,1.9441622296030303,0.5724460604878523,0.4106822672294008,1.197618425902025,0.3182081218747079,1.3755310613792204,0.7491682734413807,6.021123815394347,8.69795749036868,0.5950943668315389,5.842244004062547
1999-07-01,2.1105200457528284,2.222153894095502,2.0761991448429384,2.064411253076237,0.2173415666503864,1.9487867092955469,2.3306668782558937,0.5906687826026769,1.8428766508238326,1.1749910593257695,-0.24430686877821017,1.6713480973741035,2.1219243204048333,0.7322705240520477,0.4106822672294008,1.201744698316709,0.3829954892299092,1.6483812586807645,0.6525352717861921,6.041720797698957,9.590363993826223,0.25384288678029776,6.311248063904795
1999-08-01,1.937420490213615,2.3798054008888236,1.9445057119223286,1.9604664137691685,0.731541826474924,2.4808328514713374,2.702210821143325,0.7100591224722841,2.0574697072573755,1.0967969113703013,1.298330735792863,1.6667052485210831,2.2391261682457753,0.9415662548383885,0.4926112233111901,1.5371811455323403,0.4845712108676459,1.6468730719474856,0.913127540505787,7.182572458719783,10.321824612014252,0.93203649781195,6.129167175293038
1999-09-01,2.034585086069285,2.4980769651532952,2.0647670893469083,2.003040812366308,1.037086795322395,2.122640461388503,2.7851594683841796,0.7117564605718663,2.597557180587451,1.1316791423170436,1.6361398614604283,1.5225207597064916,2.5944200143195317,1.210025514408386,0.4926112233111901,1.362884283323229,0.6881637964325726,1.828195944376798,1.1710401592336162,7.7785647500539845,10.301883897741382,0.7586818204545764,4.985463008547697
1999-10-01,1.952346679475614,2.4515909805432834,2.4726534468290318,2.2247929431795654,0.9387914816988641,1.9826998023687814,2.9233559573038193,0.712589080221715,2.2666991885854415,1.3219786919249188,1.8457289811203204,1.5225207597064916,2.528725183544278,1.229021340486014,0.7916065795128269,1.5319339354568307,0.8028077523069221,2.00552733917716,1.2926325524350801,8.27286931497877,9.991138039648462,1.1753501059490468,2.752467094314337
1999-11-01,2.042488897132877,2.7023119700545273,2.7398974188114877,2.5593520790448743,0.9180206260379187,2.1044777756078936,2.9178524548536977,0.9490032531134673,2.1599182661525163,1.5635047596772367,1.8733601110782594,1.5204162960434253,2.5881731336153457,1.2959272668265243,0.7635681858255694,2.044359070584356,0.9048682144651821,2.0938309782825293,1.5223857452633993,8.662461512878838,10.085914697947018,1.3431926029620733,1.2158188769840095
1999-12-01,1.9388559388598736,2.8759530171013736,2.7361488011138135,2.7074267704563226,1.304931459975922,2.0424258732201217,3.1539571412443124,1.1834576246862127,2.5947486861481295,2.010987030701905,2.3430609759787835,1.516224773967778,2.649165797954378,1.6542803031061482,1.3583518299562947,3.390165162682912,1.2455677046919966,2.0919264998511267,1.9143770288668982,9.162502046464116,10.62294636054446,1.3454542725942709,1.2158188769840095
2000-01-01,2.0724386842988274,2.837608160371907,2.859282599384283,2.5965879567527494,0.447037324368349,1.7833120054905116,3.1105202530325116,1.5375860549382558,2.1622535024536482,2.242974463238756,3.164024829104495,1.1080445776571857,2.7020586175476424,1.5729692471953882,1.1431837702833292,3.9153953261643615,1.5273301861833843,2.179926516808184,1.7603671113429087,9.448141238605068,9.591335872588003,1.873142598966382,1.069539171504097
2000-02-01,1.811666959132019,2.919766979111582,3.1231323119802923,2.868279497520021,0.9269255784658093,1.8962439812014509,2.956044804680147,1.5357696195490433,2.6926863013197355,2.7429333408292678,2.6342603789199615,1.2439690475638976,3.171075416036917,1.6106531012062497,1.626041004210954,4.227177672288729,1.3462230235544048,2.3551704220308167,1.9171652820605622,9.705884864936287,9.457842053054666,1.7552057629444562,1.536116540387411
2000-03-01,1.5360634529770323,2.87544080125004,2.569444937478327,3.0956422196561917,1.0272315797917209,1.9202753680128026,3.187404680561823,1.5357696195490433,2.998092973165889,3.0971423601296344,2.7732883559713706,0.9635311983672068,3.6886904894425143,1.4720449843641958,1.921313739616437,4.542421654718343,1.4800093056614116,2.4402497596596184,2.222460775803814,9.612529848815399,9.161867361356224,2.089585936814231,1.5408639017441494
2000-04-01,2.061071188894026,2.921214911268688,2.562513780282316,2.5425976587150068,0.7178253044696881,1.8626533928497224,3.0044764849989747,1.0607071060230844,2.139125948167653,2.6079557499651074,2.675482217558134,0.9595687061855429,3.0224601581220867,1.3927395422458133,1.8408651057061576,4.683141276084868,1.200039664910335,2.2553985655024533,2.0281345193454925,9.23733712993915,8.889680377345455,1.4342622592559806,1.6884542438553751
2000-05-01,2.5042449638776,3.0904677572759276,2.8322864200061026,2.8852471951468672,1.003917947750388,2.1558366585052724,3.216466768783466,0.9434076356352072,2.345530900798387,2.6600854291317866,2.5175358543081394,0.9569451016150587,3.13914333287979,1.5681686845911535,1.7302367687327624,5.154912415414437,1.388034903240598,2.4292714468474585,2.143979657325712,9.2795745817984,8.667251635805062,1.0974793170603903,1.8293236414280933
2000-06-01,2.850105746459164,3.3713188112092674,3.226086221822122,2.4961896370725434,0.8379867324477708,2.431238064430641,3.2337635220931027,1.2933840811814257,2.760269068632848,2.9574194220692185,3.2135064811157577,1.2303641195357429,3.662553040353167,1.8224749240035365,2.695576101124697,5.460419935411931,1.651055212698882,2.6955819453042373,2.704311183368713,9.761286601955277,8.748652175100347,2.1925986580721535,1.9742402103900325
2000-07-01,3.20057802481859,3.5444925784194226,3.1020693657456633,2.702096242758323,0.799337743498274,2.286819090365988,3.022441068850057,1.287329425066197,2.8588592649598787,2.8094891232332664,3.3859302977944594,1.2354309500934413,3.5939275524954795,1.8712134896895272,2.775326968149283,5.9620150476238365,1.7556497672189586,2.599878887514606,2.7530738112550246,10.790143189703372,9.04601807947727,2.9364949913521343,1.9682750830237516
2000-08-01,3.395728004847065,3.5380525719069134,3.5138750266374252,2.9482909542593916,0.868551165568654,2.1813171326787284,2.406576349546441,1.1723455740587418,2.5398272254115284,3.142485187241739,3.089996125668115,0.9595687061855429,3.354254808112067,1.1184676817041606,2.693398012067494,5.9227818504317575,1.7777685623423523,2.597550039040186,2.835554134078677,9.940217990084932,9.245950165835426,2.418501728237743,0.9104854941491602
2000-09-01,3.327698796498879,3.6040005330987057,3.480940466586091,3.093761462004263,0.8662735025318113,2.9243021075266995,2.638185798866388,1.6413042606229666,2.6359016917753664,3.6528747797677674,3.361335634867668,1.3642776403786527,3.396108413247667,1.4296767860516368,2.9853015652946624,6.072415017778354,2.1235955400386253,2.592904836841914,3.3152222164148704,9.511302203578875,9.830407892858384,3.455365043676828,0.0
2000-10-01,3.459904382125334,3.8969073174749624,3.0730541091039676,3.9512376867286925,0.968157141393089,3.0139633003531507,2.650744298184371,1.6432434031780296,2.7370217085896265,3.5323221712271646,3.3888755544132287,1.3642776403786527,3.3901528190047436,1.3233994346622424,2.7619437861874374,6.538282124077455,1.93570649281245,2.583664099705363,2.9308041248437,9.218392980603962,9.800415062057555,2.604080231755823,-0.15094487521878364
2000-11-01,3.66575045439248,3.984868748185555,3.1917602968304593,4.15688265359222,1.29865485566798,2.879047312249128,2.5641993372839345,1.5231733738584552,3.1548327499218765,3.512168812813421,3.589258584231292,1.4976454189557842,3.3881581774462433,1.89445406034503,3.049996368802077,6.8430565585500425,2.1214628545031644,2.6668389599790565,3.0424165268362557,8.754322417936766,10.131082626745425,2.1789045281193076,0.0
2000-12-01,3.7883959945071766,3.8803754833670823,2.9257405988369456,3.8314274878572974,0.9723981772843615,2.624682000959133,2.372318562997666,1.9802563006756202,3.1515182902982275,2.9742470369882312,3.41016846496478,1.2236726448437096,3.330704868933676,1.4823252286577215,2.5574128697294363,5.6695177391110185,1.6287004974699038,2.664457101084139,2.4705817904528082,8.101604413716856,9.604210317674644,2.7411079842705632,0.0
2001-01-01,4.351689501562728,3.58721853210211,3.1706751126084676,3.3478111752001993,1.4937161924283515,3.6838544254095495,2.312825014218056,1.3986182564387661,2.9506976970039567,2.8859343614198174,2.8616764715985177,1.2320484388040676,3.6642695300449724,1.287157237971659,2.9633286059863373,5.045824650773767,1.2052876606636787,2.9218676077326755,2.177460760272254,7.099438491054055,9.652881476348396,3.381405231249257,-0.1520927363751312
2001-02-01,4.702996756487199,3.7736932556934555,3.546005137886965,3.4608515012945595,1.3839837611596018,3.9480554651429856,2.483522301748753,1.8583540609954596,2.8288906979239137,2.756587213842643,2.825251295188469,1.2286843992651342,3.4725792838684377,0.7767471637166956,2.682727245704797,5.16242800326312,1.3532345334456686,2.911542170312398,2.2347981554393215,6.370323102489106,9.811772207279068,3.562461407659434,0.15233770346796405
2001-03-01,4.9899357355776,3.7985196714491742,3.670136685042724,2.9843431147202892,1.6423518739178355,3.991078388716396,2.294357034134631,1.8583540609954596,2.3971911587672423,2.701254805713571,2.8457430511623194,1.2253386805765487,2.8787341881253425,0.9711273266375109,2.5837241107536713,5.28545039799635,1.3346004140284862,2.7302448513021105,2.0698156048797323,5.930584753924428,9.862260757262131,3.9335465999220887,0.6097638226779445
2001-04-01,4.393568074092702,3.9015560627654544,3.7888267919502283,3.4390134560172925,2.5962649026871176,4.382363645968557,2.5793660829268816,2.3175992802025647,3.43247215883693,2.9194127607854448,2.7801485330667397,1.4895332946441187,3.216806419852869,1.1598149468649233,3.153174542435533,5.406717141504114,1.8166481925371514,3.0744614099114997,2.740967075256151,6.2889052292484315,9.78066154317796,4.720267770077591,1.2103006004799965
2001-05-01,4.6644790849190265,4.112948788694393,4.167269640056848,3.570129045056536,2.7964622092877534,4.394162354688991,2.690475463970632,2.77795692773557,3.824754774171879,3.2796198190100156,3.2154605857203755,1.8868484304383593,3.5513519806908533,1.75026347756706,3.267656432970334,5.210340176017425,2.2305757514297753,2.977452120932078,3.0807796107907848,6.717851065667535,10.261913683712587,5.129568897919423,0.7524562060397422
2001-06-01,4.425884647901501,4.1471055802058565,3.6367644170875124,3.8488602813101735,2.6703469429259385,4.117421430904233,2.2635878543924903,2.423657439449922,3.2958673843116237,3.0299324594561305,2.8682717969388705,1.8843087801479363,3.1966195151950316,1.568044401676083,2.6879453559481625,5.177620162014662,2.041518474259263,2.969649824512821,2.8900687307713113,5.9211906400795655,9.9469365945692,4.911754161418536,0.5996946362244238
2001-07-01,4.210220189841785,3.786662635046678,2.750664578983386,3.846696310324127,2.6342339672950743,4.230317128365524,2.4070351049588545,2.071411580527105,2.677807423730627,2.601151025563997,2.9633171495879296,1.6238516492908417,2.6835614764705973,1.3425162097098209,2.7053348817305256,4.71044818485753,1.9957278429307834,2.8785237953391274,2.6151206391056725,4.9404756799968474,9.078675366640754,4.700215355212656,0.7468235854761751
2001-08-01,3.9782982748238105,3.6096511416586097,2.6213820787528874,3.715626866640598,2.811962084468611,4.161017609843842,2.5070817903802833,2.076202653161374,2.7822464068454344,2.513063176760344,2.788825036985454,2.025727608782635,2.6835614764705973,1.0453021382415884,2.510972677054646,4.37569552736452,1.808098792951629,2.7900677659342676,2.6418307496001603,4.954864417784677,8.253510165577715,4.583820718522258,1.7964596798027976
2001-09-01,4.033671281303697,3.338300620624235,2.2121917087270404,3.5462757665093214,2.944533649115577,4.175326229545728,2.1922218983152497,1.843366355701903,2.5681897412452415,2.3859656077954483,2.385443210507887,1.6129381929883557,2.6137865014681516,0.6727486990113718,2.5104774503188487,4.514384258252679,1.4809600547287083,2.6133900957032274,2.227486627814823,4.247737207313307,7.649608411289188,3.199535468618997,2.698801180277055
2001-10-01,4.01374982972591,2.978381164052557,2.2121917087270404,2.7284606283342505,2.4563385569859264,3.9033743899071993,2.1210754547910327,1.8454803222537564,1.851897662646973,2.074439447248899,2.242346570589948,1.4795158916747653,2.1041578141866246,0.6282847683178439,2.422105985243128,4.183422506373091,1.6666023670689256,2.4327890061911717,2.3228062440357355,3.8392480294334064,7.351341694516433,3.297866332108512,2.09274612597099
2001-11-01,3.889356810680056,2.6550610681692177,1.687256120112668,2.3737007067619054,2.436390781114728,3.7900901376181295,1.7668194176414964,1.5003081785567751,0.6191990467272035,1.6576374557875084,2.100533074892219,1.208879731900403,1.8777289021806531,0.2865572038288633,1.9555861911165096,3.7098697496793953,1.1730701908376773,2.340798109715969,2.1105193777501974,3.542733866198855,6.789031183277627,3.318707280333477,1.4992797915159173
2001-12-01,3.714095034575937,2.6715984706325635,2.0753014586291307,2.99958425639133,2.6245059744613997,4.079027316067574,2.1210754547910327,1.6018662487287116,0.7212831705701639,1.7671684720451886,1.7077198360328616,1.3423020332139934,1.53980974561998,0.32470269447433253,1.9650843740794066,4.164064451630978,1.3454501548213038,2.338796429719192,2.1545251877484795,3.535962005061677,6.513925034317003,3.114900002770149,1.350358005313801
2002-01-01,3.5067201675984094,2.4988394756737087,1.4202950177993223,4.340237862834062,2.6768834970957833,3.9442456053377484,2.446999106195058,2.0619322649248595,1.3409086950376015,2.2541123830862375,2.290241298481366,1.7532478761641102,1.135728730618446,0.5200957776681392,2.1464224891803774,4.8033918046535895,2.2336956328746105,2.3286842711506495,2.8612307120535974,3.6022949877941635,6.293043687921607,2.603416574219075,3.293703342698162
2002-02-01,3.211082695307521,2.2573259834016035,0.7712120486338847,3.375121358080424,2.556054251739681,3.6103162032317115,2.428234322700362,1.8244605041485507,1.4359267679458831,1.7963863410248138,2.2438061643664575,1.7485314341018743,1.1312319326727938,0.6523292267219816,1.8491952728310501,4.458847320368253,2.0814841020659003,2.3207036348818377,2.594528282976949,3.598856142315121,5.960321621911202,2.5924559727718233,4.173482849674226
2002-03-01,3.2036536504490343,2.659716108689647,0.8968669982761135,3.931638855222719,2.6737789323385996,3.565034339798956,2.5414328422567856,2.0501892366215912,1.8367922639805023,1.786803951175564,2.048585605684128,1.7438403001637681,1.4648179179909349,0.508210943570031,1.8456155755796289,4.573968890818225,2.0722953579145553,2.4883193217515753,2.6397023053658764,3.3037496526181265,5.781946848557595,2.2870547838057753,4.312925595904016
2002-04-01,3.449229336436943,3.4908754335239323,0.6389798098771493,3.762408246428084,2.241535638999448,3.4839718055793334,2.531780798428951,1.478143342990279,1.723299519833077,1.7403547775618478,2.1231105814197626,1.6000341346440905,1.626064188923504,1.0912131619851273,1.7408575712004826,4.687179639803585,1.9657552582447835,2.3087834966495357,1.807640482304862,3.0020999735052456,5.861558665536393,2.467041874556486,4.843201495310545
2002-05-01,3.2742939147375694,3.472700811281726,0.381922806699464,3.3292238008971964,1.8217825243648456,3.1764644098913664,2.020270731751861,1.2478858402693582,1.1094323817943952,1.2995348016669794,1.8611170915897368,1.1944402125151576,1.174835453327816,0.6458987282375261,1.8331376691557821,4.658996720771835,1.4719565075547614,2.3028756662991867,1.328077387154547,1.6807191951626166,5.440941111498088,2.936202104567709,5.54077765531984
2002-06-01,3.33603861103251,3.1405044440126595,0.381922806699464,3.2566770713662763,1.8207600087315257,3.22567968966343,2.1479031677123395,1.133798222090121,1.2084651030329852,1.098597447462879,1.712670226727031,1.0610179112015672,1.061758696357895,0.3253840694437571,1.734148772325117,4.1922283362446855,1.3986241974739855,2.1286485744755446,0.868795729202354,1.4038619294703736,4.687364874129951,2.555640441058493,6.509902160189096
2002-07-01,3.3948525111977546,2.1994463283854238,1.5384918839479234,3.284070165244213,1.9770237893133036,3.2301571868856627,2.153344761012299,1.1325141932990945,2.111686469592744,1.6652478450151165,1.9908769894737333,1.4657157799973675,1.4541673739022265,-0.0515886025629797,1.5414459918627443,4.0576649251607755,1.607047003260842,2.210976884270277,1.2760212399244963,1.221252679221685,4.433905622534784,2.0844494361926813,6.760303849400895
2002-08-01,3.661373371945853,2.2438152719583826,1.2853647403381352,3.4829977520064226,1.7888396292939923,3.193633242860905,2.278579592658847,1.2478858402693582,2.5089077536980753,1.353328740539883,1.825836451267726,1.3280407667894067,1.7867666421672368,0.4714646818420043,1.926841737329088,4.338750162444871,1.836252725175136,2.379043365390121,1.2508080893632645,1.131030050148052,4.445170154316624,2.355609273041992,6.184569576423282
2002-09-01,3.6376493334680404,2.630472801152006,1.4057739490231924,3.4614376035392524,1.7085088726208397,3.0576580376626694,2.3945693596353124,1.2478858402693582,2.3058613464050026,0.9999014679901386,2.0015900448087542,1.3245226750020933,1.5029522480717539,0.49559098408575863,1.6354334108377167,4.465028144402083,1.8329092361226706,2.546827856952927,1.2473184710147578,1.127827635393075,4.546232365183833,3.009480904772932,6.166837514945822
2002-10-01,3.893618803006582,3.7211287508467805,1.7857617400006909,3.6622647519336304,2.303096769401769,2.9135527005107242,2.5158559636154543,1.2493153428654757,3.111136401948844,1.4803662375995508,2.1931661687564663,1.5894374344465945,2.005627158473011,1.2296492984296137,1.7291381360434066,4.596808549087683,1.927916639131766,2.6261573795887116,1.2872207088290288,1.0304527228472082,4.78079933961979,2.7290422285496163,6.721617198598473
2002-11-01,3.9534816953993968,3.949756525174397,2.164311087948878,3.577594957868424,2.0223517677597336,2.7450257554365365,2.770958142775992,1.13896372554958,4.3288100229143645,1.6114597263976016,2.136957685739649,1.5894374344465945,2.1746027619664154,0.9112832037098784,1.7308007291880756,4.596808549087683,2.197623802746218,2.7885201235906543,1.0958342030263246,0.8430866839518103,4.652014999197629,3.3958794685557514,6.481749464710163
2002-12-01,3.8954432005056994,3.919713122748991,2.6600681797178893,3.3314026685490994,2.0605721924277454,2.7038823332464546,2.5158559636154543,1.128679361454843,3.728390907989798,1.6408191573018094,2.2118654037148744,1.718482475410088,2.349108270136391,0.8868881263725648,1.8225994587764305,4.864622842743671,2.242926054726535,2.7861527880596704,1.364556495671998,0.7483593939726418,4.774774388576031,3.6647741770966746,6.491102545141825
2003-01-01,3.8831911191961055,3.644840754965628,4.879016416943216,3.087497861573585,2.628826024439501,2.3284373854926876,2.512695007742227,1.0152388650205957,4.409533563011792,1.3475968238345182,2.2835898208324323,1.459879942115272,2.5642442471895066,0.843105500131891,1.7225318553794722,4.727620200550664,1.9697331894619197,2.774452704012198,1.2052121836848784,0.27893261221407784,4.71551131559691,3.7401782950208684,5.445473704209114
2003-02-01,4.039846263137736,3.7705332762769217,4.872919041861312,4.247965427023548,3.2676095108344683,2.40169998894455,2.7398974188114877,1.2352735118899005,4.577915872382832,1.8502248152675094,2.423710052966488,1.456015133133004,2.9373172137866277,0.9445926201415489,1.7208851153946547,4.986377890095195,2.5393987432634546,2.599714999747871,1.730610633996843,0.2786867346035393,4.428763418926263,3.8123848706322683,4.983235341535419
2003-03-01,3.679491874371621,3.638545032519147,3.755134565213236,3.9955684622007936,2.926307498267011,2.465626283300182,2.844966146808403,1.1210872204771682,4.15901599659616,1.594534448876317,2.623893525666432,1.5831465216680662,2.975416220164817,1.3301406462780996,1.8121563049769307,4.800915747498369,2.5047747249327124,2.675757610925622,1.7385081474086128,0.37070398514442715,4.515728524550688,4.424352403019327,4.830493713430162
2003-04-01,3.6369975991055625,3.0997347578096246,2.887834073868678,3.3201184973651543,2.138622302846649,2.091691450996791,2.347235618514265,0.8988866249109329,2.87291621037733,1.0583010802405646,2.1756373119846018,1.5748356968138921,2.2003052884382868,0.6696434690175224,1.3333568306731713,4.194395765015102,1.987137447372067,2.6690368000473974,1.4630041420223172,0.09237624778855036,3.7648702750420426,3.6802089796752036,3.1032160954191035
2003-05-01,3.540866571554524,2.6476911867043817,2.0126465529358484,3.747249139937381,1.7640554366074923,1.9943158066592304,2.225060893482045,0.5621146477062133,2.7697211774366792,0.7147366385980902,1.9149478248730922,1.3106347505300597,2.036955177884092,0.4133020227202522,1.0461462082727913,3.4635407654311834,1.747710273865355,2.6623868920243154,1.0348456196536127,0.27738513931554465,3.5091348497355845,3.1265175118067035,1.687795394866498
2003-06-01,3.2137755428726322,2.710318739556339,1.7632698650956513,3.742751312038717,1.6334860814326113,1.8671467371878414,2.225060893482045,0.8978777822490791,2.5693196479773306,0.8113390332468384,1.7629097341552047,1.1803415724884303,2.090284409261045,0.5464887096694682,1.1396058591257585,3.458561164179752,1.949472729019508,2.6601735183192865,1.6026581116680205,0.5560699144542269,4.240484215969342,2.947075661421117,-0.28052001580878283
2003-07-01,2.7486551256780345,2.7770288592046555,1.5151805020602538,3.529064925214076,1.6428811347038774,2.088784628354734,1.862251209800192,1.00841364262223,2.06802722566346,0.4693831520787839,1.60718255404948,1.3140793561057684,2.0879872844637326,0.2700518380661876,1.1407018891841147,3.18867572139947,1.8428186927200052,2.655757793751512,1.4600577533456338,0.6514636194085099,4.601293868101575,3.138028632846712,-1.5417289722147842
2003-08-01,2.7235573881715602,2.949665567183146,2.1479031677123395,3.2645446597610928,1.5552167704933062,2.0697573095278976,1.737016378153644,1.1210872204771682,1.962777886976852,0.6030855002610913,1.9418090843863034,1.3106347505300597,2.1353103225369097,0.5357865495348335,1.2328253848251869,3.1702942725503114,1.850467652828769,2.7330890624233106,1.772629843278395,0.6539111362911854,4.6124661272341605,2.9362420250977905,-1.2631745875240519
2003-09-01,2.971653369083427,2.8734899789992774,2.0101179321087237,3.2811830336897607,1.5220514987844602,1.963699463304014,1.8507622655985934,1.00954477941686,2.1569533256347917,0.6484297077161472,2.0929318488290605,1.3072081567353067,2.2939357693279483,0.5290867768088958,1.4211480863222548,2.728089507090292,2.0476905949688096,2.7285691521224287,1.78015330343273,0.8376075240469127,4.584636609653536,3.278320509038135,-1.9663497795572304
2003-10-01,2.870913143378573,2.5593216116433837,1.6301301411312252,3.1228502768278155,1.2665041322817316,1.9323685675783686,1.3572077545543237,1.122345453841067,1.568664677801479,0.285855177584704,1.6683190399297665,1.3055015701643136,2.0202715161436124,0.45264746190349925,1.042181610732218,2.2923540958515787,2.1033393785963916,2.55895152183907,1.57048312762873,1.1121616039623916,4.7970827397340265,3.6466805753499365,-2.5211294632098813
2003-11-01,2.42556339100668,2.730870180046452,1.375881617142749,3.290191950736965,1.3019129629143755,1.9742293651104248,1.6020059184183921,1.238066242351632,1.5640642854969578,0.5060373646522898,1.8233318210910454,1.3055015701643136,1.7496293497855753,0.5112871321026446,1.3257807679718958,2.2923540958515787,2.220862015227798,2.4692621754081934,1.8332991999530535,1.4815077983177716,5.3808457249548525,3.37384506783156,-1.8297414131258627
2003-12-01,2.345356004604149,2.56995816788832,0.6230549750636527,3.029143448559868,1.2643687407887683,1.6778300643736088,1.3572077545543237,1.1160822393253333,2.0558793255058383,0.6012890229072809,2.042583418642341,1.3021017302965454,1.8620391586059881,0.5920035007447311,1.2281665350342585,1.9943787690928971,2.158527828068646,2.467243543830211,1.720383544284232,1.571920025524598,5.4906469545891845,3.3628503719069336,-1.9746706378149348
2004-01-01,2.2037711088080947,2.278617789513948,-1.8484814674103234,2.885238498166487,0.7221376913380873,1.3447635413802672,1.2330612457478018,1.1160822393253333,1.2664603442209987,0.20058230738744243,2.0841510579680644,1.4388737452099676,1.9079380477499797,0.17236425762305885,1.1320925477469324,1.7167759888778278,1.9668880520861798,2.2141146797863165,1.5764116894882996,1.5661403088964576,6.340152029288859,3.338718921972461,-2.256792407140029
2004-02-01,2.0681482299730547,2.1127504538825725,-1.8462062839735616,2.478912707840397,-0.39950250720162117,1.1795600982756227,0.9780029053639616,0.7782206286009341,0.678628133432646,0.10442681084903427,2.013221810105481,1.4351192163090332,1.6788872632185203,0.09065426093028961,1.4117975917887549,1.7021761056266627,1.696753325670386,2.2914276835313885,1.2569311100871339,1.5646858500470984,6.8591739659567,3.2326858184220875,-2.531780487887758
2004-03-01,2.229019790833231,2.117197458872777,-0.6161448944048686,2.6781545789012817,-0.16095111870555456,1.09659470879242,0.6079046076381545,0.9983460998886251,0.7729531658111632,-0.5128154512358485,1.7750348152945072,1.1711259420901676,1.7223321237333167,-0.09707206084801356,1.500968741577946,1.4104648359626992,1.6899827160378855,2.2839506769511075,1.117746197930991,1.560390289741953,6.580550989434286,3.0195966789211326,-2.813127405942062
2004-04-01,2.3099131042464194,2.6673357357984706,0.24721891453891587,2.871113900834832,0.2149440545353265,1.322770609755075,0.85106896679088,1.6639188815935846,1.6465315495163502,-0.3705618967118518,2.112107329882651,1.0362787035546717,2.2593818619901285,0.5443292643762199,1.5955244224892695,1.4064855415115929,2.087807479640258,2.2783874453338626,1.9097854689009708,2.1918738720234643,6.684505847393041,3.199676694587783,-1.539571093009684
2004-05-01,2.40014534764752,3.3476721209622973,0.991334016865153,2.8919629648969547,0.5799920623740462,1.5625317903080749,1.3357818532547583,2.1076774177346103,2.4097507479176272,-0.10451819060532941,2.2917674680611455,1.4221312723075918,3.006131049215366,0.9355948666789793,2.05999652885982,1.8271855075026266,2.577160318807703,2.272826632758118,2.56566670432683,3.180644617037487,7.334325301860289,3.2941479732233603,-0.6997996658225425
2004-06-01,2.6295950485431874,3.439058471199985,1.24071070470535,2.7805589608366432,0.42037320364745057,1.3778318043721427,1.0942358420943599,1.7719142831917445,2.5049438301201654,-0.057059237278789254,2.5488997793106094,1.5524244503492213,3.2139834525014344,1.1059441006919357,2.2410001647561018,2.1023904347203803,2.4221625256425128,2.351131058555289,2.2283661906509877,4.163499781472435,7.207246478752705,3.566791444727624,0.0
2004-07-01,2.7342769277397316,3.306508891017934,1.4925650216675912,2.893741527482785,0.6159152451785666,1.148534658894107,1.3439420361661014,1.767998332792775,2.31223701918557,0.3243875367322957,2.397943955216153,1.4258180627056305,2.9469066425990675,0.8587529779537029,2.1506248338028833,2.5353521294731785,2.3668357328192613,2.267305148652632,2.3829789065932694,4.445184285483439,6.970277115598922,4.266935059906007,0.42283766444555226
2004-08-01,2.3372534717488236,3.2889835087654085,0.9950330853168765,2.687478131018217,0.5262613633227886,1.1688992522010722,1.1009285508369437,1.87746500382735,1.8296187025788946,0.44754978127423684,2.2472816290413533,1.4221312723075918,2.6197673793546983,0.9961570380633056,2.236810140250256,2.6593656745776073,2.3497486483574193,2.2618104278728346,2.2303914937131353,4.3722784819737015,6.8755678473974235,4.679396902642008,0.5633749217015094
2004-09-01,2.068301159771657,3.169925612941693,1.1131840368844514,2.7821554106544077,0.5296112145635412,1.062633126146384,1.0942358420943599,1.7699541419687215,1.8260896351089073,0.42679276992139137,1.9732583853031116,1.1620531023018188,2.5061167694611974,0.8570812747233703,2.048487438753188,2.517620609148352,2.0643336127869283,2.098545846610911,2.017299279322682,4.174837690628319,6.394875843730663,3.77860355567492,0.8474584717879985
2004-10-01,2.169428130364448,3.52059767909223,1.358884406189631,3.184637096948606,0.7572448722722669,1.3747153319360272,1.7011345826537294,1.8795407738530834,2.3077900000979312,0.8526832791058148,2.425921529589825,1.2886776276356926,3.139399471134041,1.2843169192254145,2.604793363730895,2.655636979261189,2.1060758653422162,2.017013404768253,2.826785035927326,4.2405865911842255,6.131304299319584,3.690682165586434,0.8474584717879985
2004-11-01,2.437429060164664,3.4455542576713682,1.23458358222992,3.094163529925087,0.39087234885268884,1.330556039509645,1.2150817782512036,1.883706114954098,2.395893595761045,0.5034895141738716,2.4116178520587894,1.544432242747451,3.4624100429030413,1.5061107847838429,2.599955722863534,2.7934745339535993,2.0461071871340053,1.8526541243951478,2.5187223817142446,4.229150434184081,5.657614001135425,3.265091174506285,0.8486571659010345
2004-12-01,2.4571418490547003,3.176728688300834,1.1118088583977226,3.0455139228506845,0.2796143880358315,1.0991112518794033,1.2180418556871686,2.1954763662930254,2.109372953477706,0.42729102697220966,2.1292086839951097,1.667774384178422,3.2036986734609307,1.3230740428142873,2.8692382361463764,2.50708868937215,2.055463412037728,2.010512607342907,2.25282887192213,4.133565184596133,5.3149806950860246,2.9903232075427333,1.2739024205068894
2005-01-01,1.9961002317727683,3.034564417039487,0.9901070982711424,3.952222815933304,-0.02518717614004018,1.4825800396120137,0.9756174945365181,1.4325233665998915,1.9175983323453494,0.1906608819570721,1.947354678576918,1.6742181143073687,2.9265205292733576,1.1976086286204612,2.866572480159224,2.2441355001496355,1.5022116550651887,1.8481878702096388,2.2340422991281805,3.8552353940507267,4.013912374879691,3.346399554176216,0.8522736810922638
2005-02-01,2.1052668142605313,3.2471983430088613,0.9888832129247405,3.050239370823249,0.6864479109957244,1.6545156218783497,1.2092045765028203,1.647470802497164,2.1033226605290167,0.3331265174336906,2.2210338140002506,1.6699167757632694,2.9631675889564058,1.4004392901671103,2.7940141416951114,2.2253952079599237,1.6914212320679134,1.9231393193805957,2.5277672663831297,3.675897886224355,3.206468655336714,3.3089073406241454,0.8510647560613371
2005-03-01,2.2156761600327535,3.339640934541954,0.9840177801510919,2.851658401892987,0.13234805025472696,1.711068361321022,1.4440684154794603,1.7505882353785474,2.283633968526466,0.9754587367662992,2.361873161996364,1.9219041270456927,3.099798003078824,1.4308350038597872,2.9221338284480147,2.079077396498974,1.924798661721372,1.9169945256471976,3.028877527769591,3.490281428060804,3.2970060034793747,2.9445467625025756,0.8522736810922638
2005-04-01,2.046760700679595,3.409478694588497,1.3488861785943662,3.3278104981887324,0.25732896843795316,1.5645690725736294,1.799688645196973,1.2028661742911062,2.3731491515618153,1.0562758387933968,2.440992056129687,1.914544758443526,3.4504078257657333,1.406146662193386,2.721932031499197,2.346557185067688,1.8629793630087654,1.8334544236938477,2.7143252519960193,3.1127494509704867,3.8277047325624203,3.0453824470301427,0.28169302562881526
2005-05-01,1.810702447709911,3.0128462696068503,1.5902475794058901,3.1832031489021695,0.07849300110178703,1.3386446417447573,1.4371504837653148,1.200229490303517,1.6060860003712207,0.6137290498101855,2.360416419468958,1.907241537638793,2.7641835703636097,1.0759300794410898,2.357616989425182,2.3400850914965687,1.5605594956686453,1.9078509546409883,2.4895609443174926,2.386324139196727,3.474825266563286,3.0304803727738694,0.28052001580878283
2005-06-01,1.610516339049628,3.0873808941306535,1.5902475794058901,3.265699274911338,0.5506309482419702,1.6547011671191214,1.7975319218636265,1.3086281917442655,1.6981594896966712,0.7803532863152718,2.15204675699745,1.907241537638793,2.4988272563295943,0.6785727886457593,2.287437837714279,2.1948774541858285,1.6396629453076628,1.7474787923349666,2.8364693190150447,1.3210123222411774,3.68405048152205,2.7286929485588196,0.42046718776189707
2005-07-01,2.1000921022933383,3.2353841088810675,1.4706147389695445,3.865746628811273,0.32981377591649874,1.6452445498334356,2.0421130063476234,1.5217698522424605,1.9802691111305393,0.5223165349605985,2.5315040405319955,2.2901764286684667,3.118763173818895,1.1820622321615737,2.3724345849429618,2.472647023455554,1.6536894994464646,2.060296964433661,3.0875138173752426,1.2345750683262935,3.68405048152205,2.5203044285404097,1.3966719218805324
2005-08-01,2.5584902636915707,3.232882991020425,1.8394142155973903,3.6646593399622063,0.6414485252676627,1.7693271630982998,2.285126491676781,1.5201290740039397,2.5437036809780267,0.6662673507576322,2.6903830647046156,2.2843632919467005,3.5764328538702372,0.9560907573279209,2.003092242064053,2.1858812361847946,1.82041777916222,1.977133041002066,3.0720046888303543,1.5915399281090536,3.4823890584629424,1.9550466014285561,1.5331337341659257
2005-09-01,2.8299495632710503,3.6669710122025023,1.94890455874841,3.8604637949445575,0.5978151722199954,1.8007901442382845,2.389599962836364,1.8468805924645615,3.1867724169758027,0.7762405154457142,2.845855600327063,2.5349899895526384,4.580173994005943,1.3869587040943543,2.2026825340121015,2.993409435038874,2.1130361871976255,1.977133041002066,3.105201329138918,1.7621623425777777,3.5853847202542255,2.4522363590587126,1.8118893468085595
2005-10-01,2.653558468751438,3.4538645669712764,1.8237587549781331,3.76358973335158,0.47924947902986403,1.683481985995261,2.027499386141063,1.844876311838206,2.5341535945373472,0.3554032251847694,3.007548158815432,2.403657782824098,4.255951095406729,1.3244702450654344,1.9343573382947454,2.98935307368966,1.8367979753066699,2.2117820258095833,2.4420608994686788,1.5776032495152137,3.14389330137379,2.2533832809497945,2.637211441953813
2005-11-01,2.527199269956437,3.354715917067086,1.8237587549781331,3.4607389980211067,0.8126931973709617,1.7235699955837624,1.9139340210697853,1.7410633400715803,1.9691275989224266,0.6003887848184064,2.4538757671711764,2.1479031677123395,3.397123141606606,0.9470179970207049,1.4516239579537071,2.58342692421758,1.575554911718946,2.210036207509436,2.5278282367952265,1.1388710690889425,3.2470424917329765,2.4588668047544893,2.6408652802714094
2005-12-01,2.548137691852581,3.6676327115868546,1.8259789132754278,3.5574690864521585,0.8803021798043709,2.0567805826112284,2.2741853836195425,1.4016438483920979,2.0658077911166473,0.5909047214506025,2.451386937139155,2.139792151755504,3.3586218290231784,1.0013335021538339,1.3931678028128225,2.4457790999501405,1.5850722418273122,1.9708981115774904,2.8441322818491876,0.8764309133578507,3.357115178769643,2.584429738052574,2.362860222058938
2006-01-01,2.6663921707160476,4.106704121146354,1.8304354862013206,3.1931148554058097,0.6098875052855668,1.3075189246895214,2.1609484332855367,1.842876376809155,2.7167917278927867,0.8040150947413061,2.8395983243783007,2.1479031677123395,3.9079507375557654,1.2826437030722282,1.2024284946970276,2.871008962814603,2.036450652505639,2.2048152504613228,2.5882101958074166,0.9725290516290563,2.6955793495679004,2.1999824342421093,2.5140987256887293
2006-02-01,2.9140186543965996,3.8959385302339555,2.5502292810935856,3.1830326925094354,0.6070345842130287,1.0762329650365388,2.140390866315389,1.8349195989189049,2.1526285907977893,0.8977764761403328,2.9275103813453107,2.142489008410564,3.5343065967619935,1.3741599788131609,1.198812592999321,3.247920380924274,1.8100556784776067,2.1202226834482474,2.359498992279363,1.0605161098349747,2.471911304985852,1.9950603203636064,3.060049106399365
2006-03-01,3.826720669395911,3.8133577123021567,2.2989518224698635,3.2494366530616325,1.1161808384217764,0.9380931833765871,1.8935477002203882,1.4001342536895223,2.140607369247771,0.8950741094065684,2.9341072495648213,2.0101179321087237,3.3073488653259098,1.0235413660319992,0.9950406438398396,3.3718679391465223,1.461865231123749,2.036082679459028,1.6871029654058844,0.8716718561128545,2.3505307862925484,1.9832086694971274,3.611502034145797
2006-04-01,3.6641805255580806,3.7836818072266354,2.644384854942672,3.221229025945682,1.473953306664999,1.2156783263681525,1.884625862483169,1.9376311258337608,2.409751200224175,1.2890533483130184,2.8882874148785653,2.25009492908379,3.48432893068793,1.0535967622736564,1.689068358980439,3.617280587342364,1.6945728587244524,2.1875769610657514,1.9415889094634764,1.036492156173896,2.333080753198935,1.981229565338083,3.591544491304699
2006-05-01,3.6772730611929205,3.9527436119409565,2.279642809238336,3.0837524504931935,1.5608001275341898,1.3674028287272932,2.001243951501408,1.7204805764608366,2.7728181183933387,1.687390542671352,3.097486526760296,2.3647648300674895,4.082203841229326,1.3527192367414287,1.6873797436956828,3.8697284054430625,2.0510072122116085,2.180761570457168,2.1607759586941278,1.3741479332580298,2.7370125367450093,2.2768787881568997,3.170487218239959
2006-06-01,3.6058058642993274,3.871267700637393,2.1609484332855367,3.183471104651403,1.49702185982461,1.3369496664433989,2.115237500522582,1.8250697839063967,2.403069154355464,1.6857053617178153,3.1196291043044333,2.610465199372669,4.22810908001674,1.5500263584013574,1.4859048050329449,3.8594270509794804,1.9372156660231177,2.2577847238590465,1.8511435381662444,1.2494302295454673,2.7283953889880586,2.3838526740807,3.1661345860071854
2006-07-01,3.073059285898161,3.8884414076640006,2.0470311411026287,3.773445498282779,1.696277914760902,1.3039832345362434,2.001243951501408,1.817265704791815,2.307435436152705,1.8896696659020051,2.889291341322231,2.4845998586530804,4.061718796489089,1.4146093174642438,1.487378162323516,4.120175536402115,1.917712463973853,2.172313355374733,1.5960838946166511,1.5245068045690147,2.9352228047782702,2.3717601224499063,2.465866239280068
2006-08-01,2.8090567623746843,3.653633392905231,1.9254505790136989,3.474859984926759,1.570031894361712,1.3677225307453966,2.001243951501408,1.4973553561548947,2.116963282616524,1.8821697236641732,2.7693342916506047,2.6007657812532337,3.7476400091719597,1.4416951450313853,1.7822149721566483,4.362880447748019,1.8658515894313332,2.168947788262976,1.6176569128363738,1.9114493053085546,3.4685628591926587,2.656131509553461,2.1888671697387174
2006-09-01,3.0336902588031123,2.877058845146774,2.619197343807933,2.8879232564590573,1.4685600798610032,0.8479056548821085,1.6393809775675727,1.0706732775991767,0.7352998255806931,1.4815015972324375,2.337056407680027,2.472313808679516,2.0413909126966168,0.7907655572067185,1.3861594544064992,3.9426930851993447,1.2578782206859707,2.0922788984175433,1.22023340745665,1.5733509913849808,5.703984786582605,2.4494822191909016,1.2354308843679718
2006-10-01,2.6376039745925617,2.477081597552111,2.616082603867209,2.77376551136177,1.3018334640424456,0.6748134973462605,1.5231694595498446,1.0695281759833364,1.0143043110367955,1.8747408680599875,1.5358358913186265,2.4692612590372143,1.2967790127178525,0.2582799485274734,1.1881298426121845,3.808733076435722,1.0570209739287684,1.7809252649869656,1.1990306989860144,1.038080223894866,6.106403918648962,2.1632177994894697,-0.13709348582873204
2006-11-01,2.354275980050158,2.5728589355368037,2.4986427782730303,2.8838862912999197,1.6687050271794845,0.7695036221799789,1.7616427388298384,1.392634635579082,1.3831406829819315,2.0741433689859257,1.9665731202461068,2.712866738825337,1.9544696674416606,0.4964912990330639,1.5857497463545478,4.3342249788525855,1.3725043892273803,1.779535781922803,1.4795946209074096,1.311679623652573,6.19393720266137,2.0759275258297905,-0.27471611845948374
2006-12-01,2.4770157162661732,2.631098315435043,2.1480539516759656,2.867360662065188,1.6225742199464044,0.9486514898208398,1.7595761890379258,1.382269046522211,1.6590178823326696,2.1718476525790287,2.300596131106669,2.8240059574216936,2.508908391215403,0.6190537750274672,1.481513897931297,4.847052387158168,1.482340449833508,1.8562046717682357,1.6311956286027218,1.3865155450781153,6.293974740283925,2.068456357248749,-0.1374583843933408
2007-01-01,2.540095170595702,2.363490704214044,1.2019375465784243,2.693700368955554,1.9200042810709306,1.4187961511469283,1.7657904355452558,1.7039895177982878,1.1029559501928965,2.2762067350048376,2.241090857994088,2.5911381784501586,2.0543898582688236,0.10198882132659293,1.581060649994992,4.99446948321971,1.2380574569553993,1.6988861793118204,1.6540953645669987,1.600032562063447,7.380403309525896,1.6675180752411478,0.13783732236598567
2007-02-01,2.3181225436364805,2.3833259238610793,0.7168489478612372,2.6372323840112344,1.9565201788367403,1.4828924891688189,1.8648559078072502,1.696749914137019,2.0165735102650295,2.161179557590831,1.9830678180485783,2.706192204295732,2.3864949435058236,-0.011441415051649528,1.5763874291720548,4.682258502322956,1.0437219488130367,1.7713241312899974,1.7511496282224925,1.8972093116616406,8.444265071692492,2.147092065893297,-0.96354045053193
2007-03-01,2.30504281478483,2.4340237233362316,1.0708014272472255,2.5982599682951246,1.904751783513614,1.7814236275127016,1.9733664156950326,1.9068293887562149,2.2759248654350195,2.5416895969275544,2.119222234564333,2.9413885206293067,2.7408736832500225,0.17272564965393755,1.7664732775885206,4.9169038506799545,1.1854310142958902,1.6910508554527581,1.7980568272474073,2.4914069405744144,8.692344636640659,2.1358952257886976,-1.0974033084570678
2007-04-01,2.6993384356472916,2.40540628534891,0.2369669355318571,2.496651681885176,1.9056102944675857,1.8076596065882633,1.620405825472293,2.1097701806497504,2.173994301679194,2.529314474129851,2.0662862402644144,2.6830877796956365,2.54113665082194,0.452909853368233,1.75784751316721,5.004243843041678,1.246815661904943,1.5337767646601108,1.7664551925092198,2.378702503125485,8.34235711947331,2.4196972714289444,-1.0914265351796182
2007-05-01,2.4160252987187825,2.319925294553382,0.3552401604368427,2.5883752998921317,1.6439349496145006,1.7831936404198778,1.7331456351640462,2.1097701806497504,2.164191905519086,2.334732516572391,1.8970123905909908,2.4302532619032036,2.6552956846720654,0.486744239101089,1.9493825073628734,4.854083654119012,1.0651382182827795,1.529086154603565,1.2767103628246623,2.2672335539936306,8.171878052468884,2.3212950206157323,-1.0914265351796182
2007-06-01,2.411663188943791,2.3524682999317648,0.3556613114846563,2.6005616627192474,1.8342776630918323,1.732344973497213,1.3857034661426404,1.896782271763442,2.1681022367956437,2.42847905850887,2.011528471305013,2.424361160999311,2.6515746169977206,0.628872002638925,1.94748435485268,4.841711584399899,1.1864639928300669,1.6794208854884474,1.2768585547312306,2.566784158015345,8.242880924753848,2.516108558906982,-0.6798187998485083
2007-07-01,2.3546888300740143,2.217783849969912,0.4756251534648648,2.4910045241210987,1.8477704743213863,1.448377095147979,1.1587615172388155,1.9927254024357133,2.1661453063547498,2.529314474129851,1.8418466362905228,1.9441681614585704,2.3308550869977296,0.7177801624444591,2.0458559388837116,4.829402942735683,1.100072208223235,1.5988084367850597,1.3645035240810621,2.1740085610009174,8.036053508963636,2.5077103613620366,0.2702848142158487
2007-08-01,2.03469271647867,2.151742067241713,0.3569307775120656,2.4964602688545057,1.753304957598445,1.0969453565263798,0.9280809074472707,2.1009049051356143,1.7156118590657243,2.232014696562512,1.8546049733522807,1.937106575599934,1.9509224199333985,0.43490516987318983,1.6545456975297412,4.55198572144333,1.173488502310338,1.5963776212659653,1.1101022331845734,1.4829716760379696,7.940678186597161,2.0187751247410013,0.9427770047045314
2007-09-01,2.0647388823200608,2.643850077351839,-0.3531492781471357,2.8777902783439835,2.1649089819230305,1.2984956935512493,1.2694919481249123,2.6275797047706106,2.442451720493821,2.612627510680632,2.064574410624509,1.9347640997786186,2.717793952107872,0.7443972330284154,2.0438648048389574,4.534791355780321,1.5064529461396248,1.673046511111398,1.4931792601317717,2.165448810721049,6.157290828923934,2.298152755397709,1.3550355159726912
2007-10-01,2.542534125985707,3.522290350801871,-0.23501773449536856,3.0488986808820506,2.683289871605332,1.598929790707171,1.7291497110061727,2.728391834073296,2.3573130053130775,2.6050761147292434,2.8764719720811627,2.1713760223783574,3.475094026626202,1.2564601220330651,2.7186112886217195,4.657869674345161,1.982455976610531,2.050954809194838,2.2187216789478548,2.8475019026626747,6.60434276150248,2.9712474469446803,2.0367380960638393
2007-11-01,2.7536382233279255,3.989109454443085,1.5160640230681643,3.8575231960135348,3.2020222392716846,1.9096404533290645,2.4152985487996936,3.244654910550615,2.442451720493821,2.890372591965207,3.1483113657910344,2.285126491676781,4.21606640611758,1.7545473433651537,3.098021575528964,4.891260247273799,2.4174696780999483,2.3494833872803156,2.9064121917440566,3.4233138731793566,6.865906425378032,3.4574213767275985,2.5799133281995346
2007-12-01,2.6455674469528567,4.133595889954211,2.7941282200448114,3.809553014246614,3.3945696034919592,1.847841005457873,2.2989518224699523,3.1187535917627685,2.3487943500833275,2.602553557573195,3.303307818911083,2.2741853836195425,4.0001767307717095,1.9842308580238388,3.5632059136237793,4.500758388757742,2.553236527957381,2.5719906043300433,3.038019479816345,3.810899578596061,7.139007458052937,3.5423636733892927,3.1146674461851376
2008-01-01,2.79315864889087,4.187023290387604,3.521490629106694,3.8224217024177776,3.1463571066669083,2.005599728962526,2.875413740901145,2.8112145727061666,2.170062706417486,3.839244180786494,3.2873924218741024,2.4068550520519594,4.191217753199883,2.3972838479313197,3.184055644014183,4.266640770973318,2.779795136103136,2.942495713169979,3.39712946476185,4.082207252025416,6.87292582602872,3.816624955805281,3.2523150387652855
2008-02-01,2.819736926132954,4.275139884982959,3.7387532071620377,4.340694110849785,3.0563226990765635,2.2235873155837638,3.070167231406451,2.7995655202377456,1.7986040888794186,3.6263519269933653,3.016229571558693,2.6348829696751785,3.9476065263884585,2.3371221277909804,3.174876494379042,4.5942284557043855,2.8071632465380247,2.8594854171068995,3.580543433067529,4.165247042182774,6.697449379792442,3.51338800978791,3.3993845143454493
2008-03-01,3.048390968026027,4.402852559868009,3.145279655180566,4.338680902035286,3.3524609991081533,2.1213432317932046,3.056265041016637,3.0994307000633547,1.3411063070492446,3.7883326890184144,3.4351900703783578,2.504603192608812,3.9042373563642485,2.5968665171903105,3.442025534956983,4.927128830314853,3.130043221075951,3.2248725684000945,4.2921256443277045,4.050694587947579,6.465954634653759,3.8630097811087616,3.5234097806651654
2008-04-01,2.45114165427589,4.101401218585821,3.145279655180566,4.339158100990748,3.2857739222114546,2.01068560785691,3.2752786471808015,2.3724820401501034,1.6881842031038374,3.492579690005826,3.4265572483103135,2.9640581286293433,3.8613731077994373,2.2582602080011505,3.238379988234641,4.16725610204427,2.9755342172808064,3.2937067805828946,4.07436452709673,3.9371346475244984,6.441799705807938,4.033996276161922,4.427289996845563
2008-05-01,2.742757737749546,4.4993252838072095,3.0270064302755806,4.79294607434122,3.7860680484572917,2.2994701169699816,3.378699757738257,2.9822374032421273,2.205654563030013,4.143721483308127,3.901546871089323,3.3060862260887447,4.090720116316948,2.815460083453125,3.602278276704318,4.510200272270648,3.267945363795466,3.5038941683951386,5.081466391451972,4.199074259833058,6.752455199144869,4.759279595053201,5.081320831267888
2008-06-01,3.2940221525041835,4.889821912452863,3.3743748298361353,4.793656334787855,4.098336730567009,2.532353272173893,3.7145519790946935,3.184662141917549,3.0798838239260107,4.319923582364993,4.205777109918607,3.645318371157913,4.899765342739926,2.8701283375215603,3.784752816698589,4.736761880826634,3.509131981126945,3.715142416431405,5.63955933371556,4.385826965838202,6.45981327171965,5.395491238145578,4.664401623572445
2008-07-01,3.0025326863781565,5.139852145378221,4.181793968332226,4.768384234520973,4.0516579388113705,3.1590512561034956,3.953083875663488,3.26893670872348,3.3365801384869442,4.231945973201157,4.751921848177965,4.1255113706986535,5.448937142571619,3.028522883095963,3.691864098283215,4.25078954745981,3.549897846566097,3.9975750825963274,5.7356232090504555,4.678652627726088,6.45981327171965,5.736235170141857,4.743971780182754
2008-08-01,2.970572180083053,4.787095380449813,4.414189322992534,4.5658370720635055,4.251639999749912,3.175946421896114,4.294445182974194,3.0708745803601722,3.431936102211708,4.595280328438456,3.9207378427209783,4.340857449375601,5.232538268766085,2.87948944477856,3.602278276704318,4.353770000119006,3.109844842713727,3.9916643377615912,5.252860404509896,4.696593651587921,6.286729330794927,5.461342726983531,4.9683439827119535
2008-09-01,3.0565827927560463,4.438486424902788,5.170594508459647,4.5303920331076775,4.27933547216659,3.02491157743372,4.045495469231408,2.7623285834889266,3.3395126611956982,4.5738295511897675,3.927843487686822,4.679216150675902,4.8189219482963175,2.885204345507475,3.6883723667123114,4.220032920335992,2.935811777875852,3.7013897332411894,5.324445698487512,4.19508162898552,5.621017276364881,4.982181080965109,5.371303401427863
2008-10-01,2.3537575499404717,3.4942594534332017,5.270406349056778,3.8104018358888325,3.9076672227395193,2.746374072789237,3.5918563757522115,2.353052579607695,2.565385634721107,4.287694019627963,3.2082272565741476,4.0917455357520005,3.589966762739305,2.5648845906765416,3.0191087485452073,3.86054521091177,2.629879392635015,3.4001860837808096,4.611982179403462,3.9853548550074613,4.950599108207321,4.703447435322605,5.236803096388165
2008-11-01,1.3676908373058794,2.3549671008282758,3.0771658666753687,2.827646381613036,2.4416245015304483,2.2310784580861664,2.6907452919924246,1.329946387533365,1.9469704794873977,3.545147878646304,1.9816081809832298,3.734389586665454,1.0638894035751356,1.4418155389601672,2.2621193122821737,2.537938641276316,1.6119784326841469,2.6609206767395754,3.088150928988753,3.4958652555786784,4.119580569730896,4.433101161404984,4.456829010749708
2008-12-01,0.777090032731742,1.4230266548412196,2.1579485873682636,1.9469619677325412,0.897013814825165,1.926623509309966,2.3583350136084924,1.119601594469799,1.1540334341024305,3.3679515513428626,1.088569542862583,3.0305349495328926,0.09137470720590457,0.6985178149935045,1.315807109024636,1.094228043822465,0.9947103316687134,2.2157598310669435,2.596969605622501,3.1149370994841163,3.3870489095507494,4.05564911770302,3.9220748927641047
2009-01-01,0.2585860114977301,0.8041030730075782,2.2806005529037776,1.7406332102981814,1.2702851182767816,1.9102021904197741,1.7978012295408519,0.9197832066353051,1.0676292855433367,2.142602328494636,0.5375434685560343,2.9293248589486787,0.029841634105931547,0.1391444881706505,1.2270129079717584,0.0,0.7046481538619531,1.622446916203213,2.2902672091090537,2.909623064582334,3.0883540831030842,3.678737186600234,3.278979656922587
2009-02-01,0.195603179894821,0.6587622674841143,2.4916351264534953,1.5839828045352,0.8798500155248412,1.9420265719748642,1.7758513300979217,1.1184632109638493,1.4159574597742974,1.7650196078543345,1.1837125982268049,3.0270064302755806,0.23590662422190434,0.23710911113816735,1.317044903363307,-1.5902451999869172,0.8646832949724015,1.6188652157041794,1.9132500746199987,3.450233771199507,2.966515636422873,4.022261349947964,3.5459934350059896
2009-03-01,-0.48244658234981586,-0.06084170741216255,2.4916351264534953,1.2871437418910503,0.2144122904526924,1.9562700109627684,1.6584128015535882,0.4060938178436224,1.235677272043123,0.9250679543296059,0.2585578417551915,2.787636952825512,-0.38429947593794367,-0.4251778515341975,0.7490728672918223,-2.6798490543587405,0.30123745210968167,1.1739001501926971,0.61885352534361,3.802041911384002,2.862442430417289,3.8078411989879157,3.5320754511480423
2009-04-01,-0.5453687862240209,-0.15985347178659737,2.826643814981633,0.9563080273824909,-0.07014994602512203,1.8064435367782572,1.2148133935647287,0.7110189521394972,0.35180448885254734,0.7393662831953307,0.26911879888968926,2.1953510215872996,-0.7396201084564069,-0.33430619778753723,0.6539017316771201,-3.5434167347220047,0.12878301844283513,1.1713110538646099,0.595436647166725,4.149980426351441,3.290645531575187,3.5192712791197067,3.1010197432587816
2009-05-01,-1.178262323867063,-0.8671063331010309,3.0493610562641216,0.4931223504471838,-0.721042691138063,1.5809295048974548,1.2108018037165102,0.0,0.0872222647031684,0.0,-0.29047054274213835,2.069039325744715,-1.2897125860158454,-0.9657824938479997,0.27894797151510886,-4.75988075395426,-0.25668463291328436,0.8752859951319358,-0.3733817665385608,3.9400498711150256,3.687864851148337,2.6975766727503903,2.8279454204304777
2009-06-01,-1.6027895259731473,-1.0017282012350748,3.3748984736641674,0.5254233887124649,-0.9546101196635348,1.4077714063025937,1.2081420974204171,0.1010697445549269,-0.26030466362172433,-0.09195433202888736,-0.2779169150264771,1.7172717373744817,-1.4370577794213801,-0.955580370364828,-0.09288871841537372,-5.485837495571655,-0.4907723496070382,0.5092748067384356,-1.1071569870951592,3.9328302487896316,3.59845848434448,1.9730846783196476,3.5809463537373354
2009-07-01,-1.5548618706021422,-1.3785312799243776,2.249813678644319,0.566555790831913,-1.211454216427299,0.1892990933299643,0.9917436657346457,-0.5037790221360083,-0.9544571401081114,-0.5540088240590713,-0.682825734714676,1.603699890981769,-2.119459803494461,-1.1847267371558168,-0.2792075653247572,-6.003013225937437,-0.7278987394611747,0.0,-1.6952379098762016,4.022476064638969,4.9683337296846375,1.6052322734364743,3.415891378625169
2009-08-01,-1.3391349370801109,-0.8147790102967178,1.9133954586543211,0.7727183528443149,-1.1758367109602652,0.2777316677194719,1.1001211061973493,0.0,-0.7815957016672037,-0.7359763059557878,0.2330874022720586,1.3683223751457696,-1.4954714840826,-0.8132478011614985,0.27894797151510886,-6.099449236158172,-0.18153670424165824,0.14482193995366544,-0.7776920381695085,4.037241432714822,4.8960851985601295,2.1392383412027094,3.1389868936332554
2009-09-01,-1.678858141060502,-1.0299189491376204,1.2242779515677427,0.7110483672395418,-1.889389786533613,0.37589872896566234,0.8771986072837024,-0.20202662493638002,-0.8680637722291884,-1.0087234633081366,0.011099395094316122,0.9101314246345638,-1.2945529470449912,-0.9268767053332461,0.09280251534207196,-6.713924715936503,-0.3636367643383487,0.21778490830408614,-1.205481556272936,3.7567366299406935,4.810723678365658,2.1373183166788046,2.7674658678223274
2009-10-01,-1.46811838295271,-0.6630513218101264,0.667410708769367,1.2121411441365026,-1.7963753799596915,0.6970211325439735,0.9873914558993668,0.0,0.08729840835686176,-1.563244314597867,0.07779074682439102,1.2521506798041315,-0.18301934807718467,-0.8372258106282615,0.18569123375744567,-6.730362792973743,-0.21385807979621418,0.2902746045204019,-0.9760348699401789,3.4738375598380777,4.6316707818783165,1.9624995768607434,3.0152998526315145
2009-11-01,-0.5929570690022423,0.3025724493345372,1.559051622911678,1.977226719263836,-0.9981574940524318,0.9647981686132567,1.318700428195374,0.4056819659690625,0.9594522110271342,-1.0133588680124817,1.3254078305018346,1.478139476547824,1.8216022749015792,0.02395809308968211,0.6502570795285045,-5.898550103904121,0.3962946331448336,0.6543067848530981,-0.12083694846456439,3.5571543975858155,5.156225260821401,2.4095846151203304,3.774036110725376
2009-12-01,-0.0463655421423681,0.7913431280531569,2.0022915875108183,2.6076000858010318,0.5736277079207319,1.1051069658828183,1.4325313845812815,0.8064489687179766,1.3152358180387402,-0.5535087753216317,1.777278100693902,2.0455258661401743,2.684960419347604,0.2822588877449128,1.0218410604366568,-5.084786067792724,0.9103141844725826,1.017445859192101,0.2637036868474496,3.6500365389571243,5.430413821593216,2.762105393412817,3.774036110725376
2010-01-01,0.11602938082617698,1.023117963910547,2.450011186789869,2.349279044127073,0.3117234061314811,0.8139644650007938,1.9846296371930805,0.7095883010739712,1.841355627839114,-0.18450250639334698,2.088229840317535,2.5086834429735028,2.591825812038806,1.0183950100412176,1.2121283836732388,-4.0105558063986635,1.095842509004541,1.3081630397084432,0.6136319780704724,3.8117212491363794,6.241186536959109,3.4579986380586014,3.67363719341105
2010-02-01,0.2028206277136846,0.8301626856983546,2.8667894869571775,2.7325303840079584,0.8888032554764891,0.8193137062933786,1.960847138837618,0.5042979490998079,1.5693484767552945,0.04680950183280075,1.51265257691362,2.04320388172059,2.1206857589837647,0.9284914038240721,1.0227911345399576,-3.258439187930229,1.2725402968488453,1.1611216171893979,0.698610291008972,3.0688298177401485,5.5138837385805495,2.940265434665612,3.4245686820465693
2010-03-01,0.5649495656907533,1.4052711094962866,3.4087962338911204,3.8572913613531767,0.8431613333805821,1.0075651988741718,2.276521077301208,1.208468768615667,1.39375524068015,0.6203348418631904,2.2535226822133936,2.377021933391177,2.2875997216007526,1.3900812516692618,1.9400014892645423,-3.0077482554056623,1.577353389902214,1.3763390251479102,1.6390187487743901,2.604545178959672,5.74033469184263,2.4284346043708993,3.1628272678536185
2010-04-01,0.7215298129436221,1.4934759810664389,3.2897703507059006,4.726736070884741,0.7026012144712546,1.1248958240010154,2.493354096888467,1.207253002596964,1.8269378991679908,0.9508854490566598,2.291570912807561,2.7059148114005893,2.2118033111804714,1.3633075179873444,2.027723588170982,-2.13710528281732,1.6698074762311776,1.5168260049363447,1.776128570856006,2.3215413828375553,5.530970246922529,2.5651256446487913,3.0077525911107905
2010-05-01,1.0526459993292825,1.749572214096684,2.526218908497313,5.285147908256871,1.145889057077376,0.949736957035352,2.164586677469238,1.208468768615667,1.3853079413767233,1.0051287633956463,2.3879091720191425,2.472035992316002,2.000837431253988,1.1007364002066922,1.839981111884459,-1.0050344218820229,1.6357242024771956,1.370372072058057,2.2519249619456616,2.0454227892775734,4.961078165444821,2.666196617587868,2.996485803160187
2010-06-01,1.1678190979303338,1.4886118701862294,1.863067586312983,5.090075982781084,0.9215045806986844,0.8221476837904973,1.8388836173213186,0.9049742853853182,0.9511558877570714,0.8288375804117898,1.874779215557254,2.355689412644413,1.0478497392862884,0.485102082760136,1.9328698302998326,-0.8810520391413057,1.4967637847759008,1.29777712812853,2.428382663507467,2.129625865854301,5.125003233830228,2.653405995987157,2.4815191673670967
2010-07-01,1.8705949742171768,1.8974660740622262,1.873333020250989,5.347768040313383,1.0753525430338584,1.600210717154571,2.1692824611259987,1.1049699358089526,1.814299543169895,0.7923518464839852,2.441039877180362,2.247285585205816,1.227612980985171,0.41761929064980663,1.8467663300561377,-0.12634381916711845,1.662088123604022,1.6553125044905137,2.5375717287378308,1.8642440558404694,3.918806875519376,2.499255698013858,1.8484776535128589
2010-08-01,1.9611048885910698,1.8009262527195702,1.8774709395354527,5.389015992906732,0.874041398171066,1.4756351892078357,2.3784905023441993,1.0030167242562449,1.7286461544430587,1.0172818369109216,2.203915748247187,2.3504159788216406,1.1415587881733025,0.29310146020655736,1.657497927391205,0.2512488457669271,1.3799178733457929,1.5793614027787228,2.2937060340428417,1.7825766385646702,3.685501503488009,2.6464496430708806,1.715734085197873
2010-09-01,1.9509948812571842,2.1062948135239346,1.7544309650909362,5.421213449134665,1.4063743029682385,1.565696844009512,2.4799114534132194,1.2060396803638795,1.8998796296481935,1.3824352328542844,2.347371134651155,2.3504159788216406,1.137192817230126,0.28267731856397305,1.8382899470466896,0.3780660889189491,1.5522318887294162,1.582770222592167,2.869130468985581,2.399046506701552,3.6062522490976967,3.350793040658928,2.4511053018808404
2010-10-01,2.3205623847580625,2.305065310858545,2.0845516192682823,5.077212387953711,1.4751409400387772,1.564326599974919,2.3733584332093827,1.3058984094429071,2.4139071692856895,2.3347980482962605,2.544554921405684,2.4582243405335547,1.1653689682200152,0.1937912732195457,2.111137984261191,0.7566220892083919,1.5823619068438433,1.7241833427323883,2.964223083192241,2.834553694975561,4.0172722347148415,3.6163682323828716,2.445111723978055
2010-11-01,2.2602975318936736,2.3062631215323037,1.9694290802926062,4.80019206974962,1.8295159570148378,1.5441362493352706,2.4799114534132194,1.5068079829973158,1.97685399731089,2.4900188599366935,2.286126360641294,2.5628143572397732,1.1366815878550263,0.24073489174805118,1.8349167228272734,0.630913556815571,1.5591343038676264,1.7241833427323883,2.8283887122782403,2.652672839819825,4.08902142437908,2.9449272735062593,2.1978904378464392
2010-12-01,2.484175243026421,2.9436856970646907,2.716082224605021,5.043904577665437,2.3108950263995176,1.913197442969583,2.804930380989923,1.2967797220447608,2.324681545096574,2.8124966176961586,2.7321117988476473,3.101023674256087,1.4846572353143905,0.5182864212510907,2.2842481092141043,1.389783414135426,1.7437694159577966,1.862509401078416,3.0582125369438273,3.088023565429854,4.582216391832539,2.98858998311351,2.6798132081599313
2011-01-01,3.540265339995763,3.2172546802061497,1.960847138837618,5.069902605039189,2.4267260489366116,1.83753863677385,2.6926774911249396,1.702589421695322,2.318692113808396,2.99185166895386,3.1123642641579075,3.3225647628320587,1.6186796313029994,0.278141854472036,2.471534984278545,1.648734933155982,1.726646359720796,2.1270498398958004,3.1717927070159746,3.6717375766838423,3.8735846860405765,3.38321224803364,3.543428653419145
2011-02-01,3.5014279270971116,3.5265728293100373,1.18856072339808,4.294236077673563,2.4350980848947046,1.8788100440472633,2.661146922551083,1.8934198377560385,2.1395727008409082,3.275721809553289,3.503422121911548,3.6407771776667097,2.08568448732267,0.5088105669591947,2.9770070945168925,2.142492283876507,1.6440458819379167,2.3508783312017556,3.327040365805356,3.6653387547262994,4.025180738882561,3.8636854909182894,4.151997712573952
2011-03-01,3.943942209035445,3.532248994532061,0.9682700716417081,4.401593024458883,2.8721105944414127,1.8248090441358222,2.6442577123516386,1.9822241517354122,3.2343133766330467,3.2475803490625843,3.6642030233784872,3.5168459472664892,2.6462777258637438,0.9992683034165672,3.046088710038486,2.884213804407665,1.96844383243171,2.455995020333468,3.4616577017510863,4.33719948366269,4.477754295007852,4.0500724674990884,4.266326537273368
2011-04-01,3.9580030598926896,3.7093832753056333,1.2861913642407963,3.853210635123805,3.2867940985867428,2.0211395377084607,2.9538012436863603,1.8821763287066418,3.2233383644268088,3.1110918462571746,3.664121952891275,3.7122166375723076,3.1146214103953795,0.25849498790444514,3.2567243194456807,3.1272132436986233,2.05654724353046,2.586421611358869,3.355952464244627,4.402940395246269,4.531521957055862,3.74575803695949,3.9932671641113693
2011-05-01,3.771347682830406,3.455040163402323,1.613805868182805,3.236501746940146,3.287204073558847,2.139061512182039,3.0576973569282906,1.9822241517354122,3.6306127401026345,3.289637728495265,3.530977967013982,3.7041271680349652,3.506438179212701,0.3683166544077743,3.2621750362339164,2.616970114165351,1.9922432055876627,2.6123681720222613,3.2907764677065465,4.727992512828205,3.862111723202588,3.8370592073688314,3.978821012226952
2011-06-01,3.348751696173302,3.135302096057657,1.4016401973536041,3.2842622817101486,3.033207218119216,2.127854760773662,2.956920812294861,2.0803198004332835,3.0510724886751994,3.479805864972896,3.457505656584736,3.593200922606332,3.496964264619784,0.5627506544872318,3.2621750362339164,2.62023561476763,2.085363860405831,2.7098781327975274,3.613322948902109,4.043568122529706,3.4611236891509023,4.131233174469173,4.082207146143002
2011-07-01,3.103695751773028,3.046185232312837,1.6242912602936421,2.36969572403094,3.293453992024542,2.913141591501578,2.960046977629016,2.0762062592729613,2.7028653605194464,3.88177743500675,2.8633580625439414,3.8151765964376416,3.5644338618895155,0.4708887950409135,3.4340694508175673,2.62023561476763,1.9255513308744199,2.64432433598758,3.6843830949555567,3.8814663080676937,2.9804841025408813,4.410976082149087,3.361661871833821
2011-08-01,2.86413056538386,2.9180300414586746,1.3043663192028987,1.6549917092175903,3.318935320807981,2.9193649680145484,2.531780798428951,2.0741448857191536,3.038207584476371,3.7662384163769325,3.2121419215322966,3.7986118816085934,3.7018363567016266,0.19203589518959063,3.4446582207271703,1.987655179479475,2.2102651227769776,2.7215426314847413,3.536914681675807,4.322200182040081,3.4750998698067193,4.579224298282636,3.4630241339441703
2011-09-01,3.493491256118375,3.0928633011505724,1.510276818575651,3.007861804984824,3.1768507353191033,2.658533675820607,2.5237932589862844,2.3693223205901504,3.1160410518311643,3.630706553146812,3.284577626973828,4.435556710156607,3.7954164249262234,0.48461862036317527,3.556788943098965,2.6072225373361846,2.211879428150887,2.9354454478412784,3.495097852598228,3.790296827281292,3.560250155645406,3.6900886062731786,2.8641642037161574
2011-10-01,4.112943601633301,2.968932067892016,1.2945164592037095,2.954257425108686,2.8610623729775853,2.613967790658034,2.7341345604321,2.2694635915111228,2.8549364362975282,3.482431104892836,3.322989449890734,4.214562145076339,3.464486301090286,-0.11257335401024804,3.380142852852952,2.726314923208939,2.3224162775198565,3.3012442241032502,3.5109805446515985,3.9388616071302174,3.862111723202588,3.5000921980580912,2.7398925800595997
2011-11-01,3.8584591626084297,2.832075714038318,1.0775966344491295,2.8879813179021774,2.7657804771465067,2.4263133340608256,2.5237932589862844,2.364642685744389,2.8525410226749592,3.301655607444687,3.496079366017124,4.095399900859942,3.3380393672462816,-0.5271346478367356,3.5671153216034313,2.85202345560176,2.4841479024089175,3.204862090003857,3.7744277137359283,4.521021510570389,4.163920658744136,4.089832481021016,2.6223237968097557
2011-12-01,3.5482665931851898,2.3497008959389554,0.10712373814989462,2.386344995762979,2.2618721638214545,2.3890084850792803,2.4173536534076057,1.9627806847998919,2.2718655807697274,2.857899771470329,3.1307273820483594,3.5354512338121147,2.9193806876548045,-0.7172828360258343,3.1247002941141133,2.3559736915692575,2.432202686901519,3.234374765096071,3.4210121511354608,4.50182768962426,3.990960938824184,4.073996702440219,2.1404010264962636
2012-01-01,3.4505276888957326,1.9786158717352897,0.5379249119736862,2.2933511919664973,1.8447161380353627,2.4447935642506913,2.7255355867914055,2.0639518090957765,2.431982946915223,3.1241951686230784,2.8922564540614815,3.110170256558753,2.8832503571726953,-0.7925789023140339,2.7345435102323457,2.1158257066815622,2.325203364898698,3.1130963771426323,3.5861119363047145,3.955086518752715,5.274737394681672,3.2911089516305836,2.0202797343928935
2012-02-01,3.5365753297385893,1.9552085266435704,1.174599729929593,2.0765641684362457,1.8973125705134208,2.4478802292083657,2.694463524345192,2.1485249195179357,2.591032823764383,3.067702917373083,2.9925063576202504,3.093580028851317,2.8306441648329184,-0.887409043397458,2.5244005851962292,2.0975507381433722,2.2633116170901246,3.1994984521741543,3.5961782166699763,4.195241745120981,5.7113633313922385,2.9878050227508446,1.6607791866025678
2012-03-01,3.0999722686629205,1.880730863161162,0.7466701356537264,1.6612086914059354,1.5010654080080066,2.45203576421833,2.57613421763061,2.13599804217921,1.9079861138179943,2.9004174100465185,2.611114400368564,2.978943680210744,2.6168571385509765,-0.9588970642815831,2.400502734529031,2.200572263385059,2.275620951733792,3.2821559460546545,3.3053214433141243,3.7488733103510086,5.348041371671908,2.62771450465209,1.774151495790477
2012-04-01,2.9608381558241526,2.039126639591693,0.3189795368100157,1.8851718321585942,1.2920464864029313,2.3248298933678413,2.159466948145994,1.9437048489104214,1.9835425378845528,3.054843676202168,2.6446101375880104,2.7485874036094593,2.2766316805734377,-0.9944326219048172,2.294546651467755,1.9512730955591806,2.0657243388649604,3.266378419541205,3.135697567978557,3.811569787698854,5.539871986816802,2.520446228476292,1.9965520011730575
2012-05-01,2.661126567039851,1.9243236246563988,0.5321992337941062,1.381550946143939,1.0235170916850223,2.104676236089631,2.157248525412747,1.9437048489104214,1.2361136791288807,3.0157864959117653,2.4479114082121,2.534454559475119,1.6898964078707834,-1.018803240438082,2.1033259738336696,1.7073474741778227,1.9634540157791314,3.1687732840289584,2.77168188297221,3.3845643559726746,5.078013465806563,2.5069386905038904,1.6413084294140567
2012-06-01,2.6742398284805624,1.8783347416684748,0.3206844009579157,1.2942019344849065,1.0132433760677628,2.1149143990267127,2.1616899384173216,1.6529248545588793,1.491333233077885,2.79133074661706,2.460251264372726,2.2211383762714476,1.650294389305973,-1.0593682416071282,2.1978904394509335,1.7094422987336877,1.9112442366020055,3.26012424283606,2.2267597849094045,3.96745846158737,5.390067820906541,2.1720780644594484,0.9367635697827836
2012-07-01,2.733312124609366,2.182678609568711,0.21459235702767643,1.3300997712390128,0.6726953238661793,2.2709133999791575,2.2658023892583756,1.8420202842180267,1.2422560364470314,2.88380611821335,2.4411986688837928,2.3256862164267034,1.3986244888934074,-0.7166617349779969,2.10734499687959,1.5883022189672857,1.919681185619293,3.062434468617159,2.2951777005075336,3.8178871808110415,5.632037131053558,1.4653137033688424,1.2903324322481424
2012-08-01,3.0303365509228186,2.619852154163027,0.323450416765958,1.7263089341765792,0.7427088140785187,2.23619627257845,2.570835671020699,2.1277343299752616,1.2391772461237238,2.685119166567329,2.5506826036076014,2.31589297620296,1.6782224830454773,-0.4540670422364279,2.1978904394509335,2.0694820747037213,2.0615078457383973,3.1476141785111267,2.8127722654677,3.49162294425982,5.861350994306047,1.2576685386021857,1.8605164248679529
2012-09-01,2.839921658660849,3.3552568812053707,0.5339040979420062,0.9004556371244199,0.4457136441016196,2.290296186924401,2.4616627635356103,2.0280717860484465,1.1541797773948481,2.664803731926746,2.8747714340775943,1.9906367116802492,1.971712919303048,-0.4122986610964219,2.65922447309066,1.5805577233723334,1.8909951730520014,3.1476141785111267,2.7147311207801117,3.488722339604511,6.38923722638971,2.0663332963293257,2.0955261642239265
2012-10-01,2.1080477635664785,3.4162594753518682,1.066108178611369,1.6108278406781196,0.3726164470285731,2.8355907959915605,2.3578744822936315,2.0280717860484465,1.1522798447745508,2.5648520648688056,2.8604356109028117,2.404715978283445,2.1393022152771834,-0.22237537452749478,2.7502920880313475,1.215075346638983,1.8360368881963574,2.5679125858926177,2.740734896118724,3.2220949454122128,5.8253885276859485,2.069154191405076,1.7472846131596498
2012-11-01,1.871810968376142,2.887801451259353,1.172096529815736,0.9684527171169854,-0.10827744630947933,2.7307236328982576,2.258822937396321,1.9286987783305065,0.8237305489113389,2.1701927962499923,2.475373915293755,2.3996978311350503,1.74875829182497,-0.37603077804133633,2.7476860331170805,0.8521044700470881,1.406751027351838,2.4763213118992766,2.238365218036087,2.6339046982619685,5.046942782259123,1.6182702290787887,1.4018851676397937
2012-12-01,1.9010284837196245,2.8279166863793392,1.3822654957235336,0.8008801248487352,-0.05406721492891009,2.851346206995764,2.0555708349040636,2.0202671899944846,0.8285078466438556,2.3300939626151873,2.293015152488831,2.392209759141828,1.726043377952724,-0.43532834196708947,2.7424993221001337,1.0969053883126634,1.3204864295170538,2.279301650992238,2.207279804791007,2.298949503495251,4.88645625455888,1.4159985937861386,1.5178283231948697
2013-01-01,0.1746788250939879,2.6477394933866805,1.385211280815124,0.2063684121299758,0.04808804896736518,2.925196773296257,1.2333147077216111,1.640166649791297,0.495870392571085,1.6153004953538996,2.0718038429156316,2.3996978311350503,1.5822833740724462,-0.27012972530089385,2.6617523198749105,1.2240090628561795,1.1629224193229426,2.1791422351437717,1.4495213809877505,1.7178319271588194,3.6887454573859557,1.6155118659853862,1.4018851676397937
2013-02-01,-0.026253659311592514,2.7168499114267775,0.950878796902721,0.06904183312919088,-0.1689333874288046,2.9548550089874226,1.219527309381796,1.5340633743245569,1.2300214505713392,1.6530860927208124,2.2806122152152497,2.3872436206481495,1.9586233317901325,-0.25649786883272796,2.462250902273766,1.092899249450685,1.0369107848402948,1.8904093938577837,1.1805846387042074,1.306139707771603,2.7748193447594716,1.5707716480521938,1.4018851676397937
2013-03-01,0.4530996569971357,2.3983429926174082,1.3720531862906782,-0.2082244088992269,-0.047690092963659225,2.8814506362768277,1.0121543898006458,1.430648867395945,0.9811945073969319,1.7303926706794925,1.949936724836654,2.4845998586530804,1.4631399859689864,-0.5953319035442384,2.251503717126546,0.6028112419716791,0.9682375187689551,1.6015353209750671,1.1079975879639825,0.9764103614608999,2.2389220640162577,1.4499173001235377,1.2813242728077157
2013-04-01,0.18299603395934838,1.3760458984256374,1.7885800307075428,-0.5965069724370942,-0.46390722243669913,2.5663490144685497,0.8105414182821846,1.1483330501122602,0.4083214911892341,1.5301605326027534,1.7115332219267643,2.166149678117968,1.0574707562764907,-0.6364554153831747,1.965431513249527,0.4819639391551611,0.6859014181381795,1.1278319215929145,0.9970320446011982,0.8097202177937746,1.6332622059369584,1.3208546056300285,0.9259212335956946
2013-05-01,0.7047579330191844,1.7076892100455154,1.8928009885518904,-0.4479311129235164,-0.21912375223687164,2.732298153403434,0.809721023262,1.5282023225291042,0.7343894868742318,1.5392838522117813,1.633022613472157,2.370023347102723,1.352773280952757,-0.5087331833412811,2.245184765177566,0.4824954982677099,0.7968169649177348,1.1278319215929145,1.177613994936788,0.5665731902010585,1.7844120673697006,1.1419900002540118,1.041063403908904
2013-06-01,0.9752575182658596,2.042129360792444,2.1120109214532334,-0.38477740803788407,-0.1463915936703586,2.8368501979691096,0.9123225975522509,1.8156264063184047,1.144731966634538,1.408661250609189,2.038598781235468,2.479465861321639,1.739212201811391,-0.12794079633460242,2.150620299560302,0.6034789922766848,0.9270521855313518,1.2189526224805292,1.580704981522274,0.4043673146283844,1.9302945867248233,1.1619382115737764,1.9619476166955252
2013-07-01,0.7551086150861863,1.7584747721083538,2.956920812294861,-0.6925974898210896,0.10214558592585021,3.020449729414487,0.609138939340248,1.903015976895439,1.3082709566343276,1.5782230206023762,1.8231951684890113,2.3749180211663834,1.9417051317657474,-0.0027693734987011,1.970976090357901,0.7246190720430867,1.0619568827459958,1.2178107587269338,1.4980393579368645,1.214097073113063,1.7107120966011635,1.6025030304924748,2.3042813395677264
2013-08-01,0.15328348833554273,1.5079021858850794,3.2824545648042935,-1.2863266505510396,0.09239703009074063,2.7746852972700964,0.40526904506235084,1.5195045756129844,1.0616609117275466,1.2325065391631362,1.745528386007944,2.3651488081960714,1.506952132011996,-0.044629494304881945,1.7799094163740925,0.12036089774181136,0.8649354937873,1.2132444293309952,1.0035148971377694,1.2180406405824407,1.3392694053937504,1.494407691302868,1.372992796057737
2013-09-01,0.1155275260340538,0.3410493375746171,2.627581540228263,-1.1263107245761184,0.07621466237495156,2.4107398314622053,0.5053067851391368,1.4238484137478302,1.0599296695622762,1.1907076584892096,1.4873547828675449,2.3578744822936315,1.1779609737041064,-0.055443912800789974,1.672912899249912,0.1206058392416054,0.8770659579786511,0.934533190194653,0.8920926328091383,1.2170523488919116,1.3334064621480124,0.9756418848878567,1.372992796057737
2013-10-01,-0.24667909305762237,-0.09954877326219247,2.4097551579060905,-2.008604984935758,-0.060478198058788735,1.5401395766486026,0.606062461169099,1.2351732909675839,0.6525226618278701,1.1797060124000502,1.1538589556493228,2.045061047129071,0.9590007065081174,-0.2555544507836238,1.3934331804357214,0.12068145846777512,0.5644038364984283,0.7483599953997278,0.6311645751527095,0.970880447690714,0.8895827070328544,0.8572738227262455,1.944057496212892
2013-11-01,-0.1535724425411722,0.23185365629654342,2.4072329307792906,-2.8949331557320157,0.12104346318997372,1.4549436981919683,0.6072893157899273,1.3282939033060437,0.89832447703726,1.35942527817976,1.2251456840616015,1.838662625043952,1.2294813307210717,0.0797237471289236,1.39213990449214,0.36297087659189486,0.6759168230209944,0.6563517830224797,0.8116631815711095,0.7284525171304956,0.9648067966536722,1.1937858957425718,1.9529118458835093
2013-12-01,0.19509387163703096,0.25183079772315153,1.9864741026440313,-1.7246364815389548,0.13665494171446468,1.640053160616528,0.7095822981469269,1.4184624927144007,1.2300214505713392,1.5974963170410028,1.5301509469752617,1.9339025098868312,1.4905732754989742,0.06702854409423864,1.8484759090855007,0.24212357377537685,0.7038741981475916,0.6551232037970145,0.9611572595925821,0.7278633879528762,0.3718997291525028,1.1369884627202786,1.9506906370867938
2014-01-01,0.05850638429167887,0.19831836506964962,2.197890671877545,-1.4812151920229333,-0.19571114674556966,1.4056559357297438,1.0162689092202193,1.330829452832738,1.4730161721382196,1.6172906127126296,1.523624750079744,1.737396793605317,1.5666145008933263,0.05450118890912847,1.5821635565604453,0.12157185815313554,0.6469897215010789,0.6538992810438238,1.1307440146823389,0.7272752109149572,-0.07391795443991711,1.074790050231833,1.3825536253202486
2014-02-01,-0.08285533760270525,-0.01715296081927775,2.0812405745934903,-1.1563363955752415,-0.22042170501670455,1.0504405395440841,0.5037794029957077,1.2293330848218709,1.1345377731240447,1.2773181231187536,0.8557817141306323,1.6277063332140962,1.1200568319697624,-0.14118621534420228,1.4856433373407363,0.0,0.916098418684097,0.4670758382156137,0.9683089217745966,0.8077580330676071,0.07391795443991711,1.0074055391209313,1.26805061521722
2014-03-01,-0.3662977163591208,-0.1463898991967305,1.972041073771802,-1.3570746502587383,-0.6280523638187319,0.8183103702682715,0.3016593539425294,1.0362759827773793,1.534148953476766,1.0515270554527945,0.8356454366227339,1.5220994010355149,1.5008775252130846,0.0027661779425258715,1.6559625750661056,0.12007173912635949,0.610398653104749,0.37313156204952236,0.8875553638596045,0.7261017040398166,0.07375432768892409,1.2837846296595679,1.2650739802168687
2014-04-01,-0.1411671146270166,0.3662076063776887,1.8595577159344678,-1.3567475784934224,-0.04451275573513769,1.1888110992748224,0.7038741981475916,1.3232718279452271,2.017017286051992,1.0500073097341023,0.7747686790826158,1.6194685919979968,1.934027948489625,0.038015474236718916,1.654460795062107,0.24009877948900638,0.7211569715559918,0.55921150409457,0.6193780326782417,0.3220611514429095,-0.07364569391121734,1.4874363421604642,0.9174265264520365
2014-05-01,-0.43940080512525626,0.20574763112426453,1.8576385572935727,-1.9793053108190684,-0.15592772660468768,0.8274517443155105,0.5027662676964972,0.8494638124050269,2.2509062183397432,0.783772791619608,1.0273028204939472,1.4155949230132414,2.10475713863163,0.2206376324779491,1.7423669996025737,0.3604145231929756,0.6808196101170338,0.46615481526490754,0.35956884076000506,0.32232066908184365,-0.14745429845746116,1.6518130749450854,0.9163954980373035
2014-06-01,-0.42021591280674286,0.08580994169973266,1.8634079544892934,-1.0976814994219986,0.22587976577286284,0.9313693565820458,0.6036235631849962,1.0362759827773793,2.3303661524549213,0.92212197153696,0.853976154813374,1.8200704646845978,2.051204508851434,0.04956077725637442,1.8332365292558883,0.4801984897406797,0.48028909616784077,0.27922988362458767,0.26933520381042797,0.32232066908184365,-0.29457387955735825,1.6453253459773443,0.5698077738033547
2014-07-01,-0.8763319892556964,-0.3414716494599901,2.263471117687388,-0.682492238021748,0.03826772164421399,0.9036206063936625,0.7060039410724528,0.8446803099130484,2.090115045911922,0.8304476598872235,0.9852296443011888,1.6194685919979968,1.9727294032201748,0.03194204178340598,1.7503829210543387,0.24038748283032874,0.4617091409934382,0.09302325321538518,0.33871428634331124,-0.1610304713300259,0.1473456646797544,1.5772173312249116,0.3410668177698639
2014-08-01,-0.36004342238165066,-0.4940492012189601,1.9598358068628308,-0.2970516035533777,-0.15627579257504465,0.954733145221276,0.5042875033861804,0.8446803099130484,2.090115045911922,1.1349162098545307,0.5918067325229259,1.5128881596300658,1.6853346357764032,0.07173392070276563,1.6574875014820023,0.4801984897406797,0.439648989542718,-0.0927841906444904,0.01997700183276052,-0.24242412048911532,0.14777189944723546,1.398399096100622,0.0
2014-09-01,-0.37393323181325044,-0.15439854796905905,2.155034656154342,-0.8435380204842247,-0.3816555108807407,0.8842501345592169,0.5027662676964972,0.8446803099130484,2.0072999373857314,1.3228532060447051,0.33087712545150083,1.3085239548655814,1.6443081203253662,-0.08766803600650519,1.5546716704560204,0.3607483805721401,0.29065417605567134,-0.18617319479492522,-0.11981354772094832,-0.3231017375213696,-0.5164807545317451,1.139924431567696,-0.3414551277072242
2014-10-01,0.003992241444450428,-0.0954857314458657,2.049252039011673,-1.6903832571339095,-0.12096644980603699,1.0471299867295336,0.5022612266291304,0.7525839960581315,2.3303661524549213,1.01064825593431,0.30144717360931494,1.3072081567352178,1.6506251005095507,-0.012740558300627924,1.556094795462215,0.1206058392416054,0.4512416781862427,0.09314994157954004,0.08983773155124553,-0.48426196741830907,-0.4438121748627566,1.143392857077341,-0.3403919323407223
2014-11-01,0.01896131031040582,-0.3729696653610226,1.9457859149341061,-1.2541158367715965,-0.20385250219794315,0.9516168188467233,0.5032723254609905,0.5639088732778852,1.9324335846334861,0.9663805101317813,0.07041899591841982,1.1072080900685677,1.313689679131258,-0.05867524507703337,1.645366321774322,0.0,0.3212209146298939,0.18674482886726906,-0.10983456650821566,-0.48504493166063867,-0.7413407227479851,0.9608283630161196,-0.11375210417279291
2014-12-01,-0.35763243417186175,-1.0473533840853477,2.049252039011673,-2.6414964288522746,-0.3147955384278589,0.6990555796567932,0.40322635279386176,0.1876131653846258,1.45634119109177,0.4688242998852843,-0.6153244814363745,0.7031671363680658,0.7536477095843708,-0.3289395122383354,1.0022853302031898,-0.24212357377537685,0.06010217550445063,0.0,-0.3793543747199202,-0.890332798513338,-0.8948696632124609,0.8299839659584585,-0.22747405093115347
2015-01-01,-0.39399976660154934,-1.3282169359768226,2.049252039011673,-2.8779846892316385,-0.205734320408979,0.0,-0.10116338748442644,-0.2836919867192478,0.9700997089248986,-0.15686906008189894,-0.35581799346182663,0.5053067851391368,-0.08938892855816505,-0.4864969645909767,0.735967608325172,-0.6093831720891174,-0.38364509447870176,-0.5602257797951538,-0.6488604792730612,-1.133614250960413,-1.4903155837508564,0.969359195711128,-0.45875068985328227
2015-02-01,-0.20745954497032315,-1.0793775743846545,1.836786333138729,-2.1833131598579136,0.07352456126579199,0.12166685065686522,0.30105391528714165,-0.04657412721176257,1.0420969821480774,-0.15465537445829014,0.09018488511447487,0.4028202828604499,-0.02513020341075034,-0.8431298134946807,0.8552649571991644,-0.6056921745498656,-0.2709348905352016,-0.09323679160271325,-0.3981767078087728,-1.2955633911979625,-1.040088866373523,0.6438010269940619,-1.0362985765955735
2015-03-01,0.30966875587479237,-0.6660437497562732,1.9339025098868312,-2.165067759152972,0.162973710857095,0.3615550790058819,0.6006024060211779,0.17463685547305374,1.1947611963862848,-0.05412039022889559,0.24033658674476044,0.3016593539425294,-0.07366205646111013,-0.8785407772073484,0.9526523361605754,-0.6020356782815206,-0.06985679641395848,-0.09314994157954004,-0.39792899232482526,-1.2131151680118357,-0.6659259693174491,0.46940784008562275,-0.9184498649340789
2015-04-01,0.39711693785760005,-0.6366905766257425,1.9260605541814968,-2.129336797555048,-0.23286690542088095,0.5393540841611255,0.49975116504716866,0.8624978463486421,0.7955517074480056,-0.21084539019531334,0.260260407167312,0.30075210639557426,-0.19971300654963997,-1.1289245513371071,1.0612880603578567,-0.7220627186441675,0.07980846393289553,-0.09305668882966245,0.28840344626344105,-0.8071060831035481,-0.36914415234461373,0.4352862013767833,-0.4576511776257952
2015-05-01,0.9498760780313198,-0.18343867378707301,2.0243606276646453,-2.1725510006989524,0.06054558035160085,1.0993514676887806,0.6996530289836933,1.1558052551541742,0.8706357573345258,-0.04307779406369505,0.6491907943525277,0.5007521730622244,-0.03985949580691539,-1.1889406591343743,0.9875118225435742,-0.3604145231929756,0.29889431438121505,0.09305668882966245,0.5567709571900004,-0.726687983710228,0.5152407869506881,0.5506145292653031,-0.34262503961439705
2015-06-01,0.7992245621081473,0.05617699857953795,2.631730831737311,-2.1798100323920266,-0.4363188257433315,0.9926386213174432,0.600001800009764,0.8742533466461921,1.027274273329759,-0.116596999771712,0.6779686985379563,0.3001503003756234,0.12363139943483148,-1.0427844129531572,0.9962026426459047,-0.23981100691035095,0.25919663599136555,0.18565455030667977,0.625618715079046,-0.726687983710228,0.5881835224875509,0.6989035421746337,-0.45556626960570057
2015-07-01,0.7639383579848946,0.06838767591199613,1.8145659168053996,-2.255420854892698,-0.0765500930799412,0.94504558115176,0.7010544486217185,0.7925532748154218,1.2648331040482574,-0.22657410576680803,0.6447735414473854,0.40080213975395296,0.16947396071325116,-1.2842352709439453,1.1439249420106101,-0.24038748283032874,0.1700935924626279,0.18592704849185182,0.45640498104857485,-0.6467275617375812,0.4408378578077965,0.7325412864068959,-0.3410668177698639
2015-08-01,0.6559382090802757,-0.4225153767050571,2.0223136118043605,-1.4699599811752506,-0.17245638056762047,0.707632394209945,0.6018072325563395,0.7925532748154218,1.2648331040482574,-0.19323252757637022,0.5485477276671702,0.3996009313381954,0.19492252080617334,-1.4124616678059532,0.9438882522639247,-0.11978396654770407,0.04983802744567001,0.18548237202544726,0.9043332434573337,-0.649352283542104,0.07375432768892409,0.6977576153865073,-0.45556626960570057
2015-09-01,0.8713109758195614,-0.8831865356663471,2.109570948759565,-1.733611405131974,0.06687000720271286,0.538762153237915,0.5002511682971722,0.5934819100110289,1.0280966439043304,-0.5932631743632122,0.479329857227917,0.1998002662672249,-0.03615190412009639,-1.4541024391220958,0.7061956898098742,-0.24038748283032874,0.03001951290872995,0.18617319479492522,1.0534891167837124,-0.9756165200933253,-0.3704817877413724,0.5025151047685306,-0.4571280497174257
2015-10-01,0.6312960547275814,-0.7089833716314331,2.404925523267032,-0.9215635266962785,0.08597801008800587,0.5692899270226981,0.3001503003756234,0.8742533466461921,1.027274273329759,-0.26000668896344337,0.5303459671399224,0.19960086467154525,0.17045523843446375,-1.3691805125144896,0.6973235398533006,-0.1206058392416054,0.0600120042015817,0.278950301707237,1.2691513409293087,-0.893950611370542,0.1481496874756516,0.8045902545598338,-0.6840801673216212
2015-11-01,0.6414687629606952,-0.2742785774379364,2.701514964604801,-0.7417958362141874,0.06054024862551799,0.6027140294524003,0.30075210639557426,0.17463685547305374,1.3465692776105875,-0.24752080422629774,0.8212364632901092,0.3996009313381954,0.5005486018950123,-1.4022595945679228,0.6155010384915727,-0.2418307968254929,0.04008016085714772,0.09323679160271325,1.5072425110635557,-0.8136733259540563,0.5194870002106278,0.8167486896685006,-0.91535680624375
2015-12-01,0.396393828309094,0.01805305308462124,2.305866575097415,-0.1675145943699441,0.05097244256893063,0.6841761269217095,0.40160696548898756,0.17463685547305374,1.5936643695526165,-0.2391377799432881,1.0868578356834746,0.4992521603121247,0.7268686649711142,-1.3169660129883631,1.0135447835700084,0.12114007976640195,0.18009009369555073,0.09323679160271325,1.4891234988670732,-0.6525302096261676,0.8948696632124609,1.1254731189363376,-0.91535680624375
2016-01-01,0.7774105698854505,-0.2880163310077677,2.8987536873252395,-0.7373496078148634,0.7629667347693214,0.5689337707326381,0.6054508908706069,0.5063268121238806,1.9913506992281782,0.030134096958445156,0.5281881248597742,0.7031671363680658,1.3637440078276164,-1.2747378883344318,1.2097022324104145,0.12217609718829792,0.22228967423458812,0.252446893256586,1.727647169988078,-0.9820036308537006,0.9712438522485378,0.6204210637481111,-0.5763759756280074
2016-02-01,0.4033787735789218,-0.8472792150176822,3.1843486541952792,-0.5171561652075773,0.3858776212524617,0.6161946867210943,0.3001503003756234,0.10074895671996487,1.3465692776105875,-0.09023009284288008,0.1701276367307436,0.601204215662765,1.012690434786112,-0.8319677089970945,1.006048022661865,-0.12157185815313554,-0.19109887636048484,-0.322397246158701,1.3768655171666033,-0.9828079047645488,0.29827805878790414,1.107123401040333,-0.2317520386216465
2016-03-01,0.44835704382375496,-0.8440654315725382,3.27247842876357,-1.51187771007546,0.7982341675917937,0.5598335125420739,0.0,0.3004808869968123,1.2589016216637994,-0.03996004049175994,0.04999750116647661,0.800004266707699,0.8488966449960778,-0.864440301526681,0.6975497639358785,-0.36297087659189486,-0.1498576632915416,-0.21462894495902773,2.2180559318851323,-1.0634036353482479,-0.22297784596920778,0.8389934996655413,-0.8106563909159981
2016-04-01,0.47456709274191766,-1.0602890618036653,3.2595478249451304,-1.26613014994863,0.7888500185920577,0.009960655419405384,0.0,-0.09983358571821199,1.6503275394898154,0.25937763943169045,0.06995453240854488,0.6982572011130728,1.1188616380848337,-0.35260937092456146,0.49770292693382956,-0.12084730281651801,-0.18964920591653112,-0.5012541823544936,2.0153306958209605,-1.1410055313767486,0.22168985388715257,0.9969060426971765,-0.9216643067887276
2016-05-01,0.33202297046308615,-0.9919599950773517,3.3500669730043953,-0.8728865015168452,0.6249538853190018,-0.02982255601402528,0.09955202415010689,0.19907136480439291,1.4860597222567051,0.3094278059017519,-0.029870065438419857,0.6968669316093745,1.014150853416318,-0.44094527562235086,0.5958806646908066,0.12031574370396925,-0.01989851762607131,-0.2932569558970144,2.1771737140286795,-1.0590719755072087,-0.22044988630609552,0.7767361924088334,-0.8041774714158123
2016-06-01,0.5446153041017254,-0.7981347848160958,3.629628441061339,-0.7134843807958369,1.0192892891407013,0.029926679858238714,0.29865626977487736,0.29840898974464736,1.4826791845040432,0.35924597063461405,0.019870839608326918,0.8950830520085162,0.9924379284036888,-0.3747672066551466,0.5952894604775771,0.4790482961940512,0.18898896558576794,-0.3787612724947209,2.135242099417134,-0.8954059823971683,-0.1466970632257869,0.7369031969099105,-0.687264587569203
2016-07-01,0.608907853720897,-0.5958122703608737,4.301738508369102,-1.048846873307152,1.0473132705915766,-0.2379065356850063,0.298953884836628,0.49580315481021486,1.249083786697014,0.5096698186116022,-0.030131070383099257,0.8959741371471708,0.8236856842832374,-0.2031080459393486,0.5975614357366155,0.4801984897406797,0.21969251895894715,-0.08597701518358036,2.251536523062647,-1.1419362240164155,-0.3671469495318824,0.3685673630125841,-0.5711091264934964
2016-08-01,0.7210234011369998,-0.13409001028659162,3.925921245067343,-0.9524282356315084,1.1347984092411778,0.18852017291406398,0.1998002662672249,0.39675979075681767,1.0937251359688815,0.37931768379513287,0.1590141460087402,0.8933061885475269,1.0572655837047584,-0.143191512162133,0.5987743013420754,0.0,0.22893555014720235,-0.07185852253748237,2.133778513741902,-0.8998006677261472,-0.14756309253867173,0.4861077546229886,-0.687264587569203
2016-09-01,0.6279427452961173,0.17832924617176005,3.515987165362766,-0.9744987473468747,0.9034384127510009,0.06962749572583249,0.0,0.5958311555612106,1.3285988356869005,0.4086316544717583,0.3679216600005475,1.2890609831077704,1.4531596485622522,-0.18169485507311123,0.8933806748748552,-0.12036089774181136,0.38943581096972935,0.09995003330827146,1.85127421141571,-0.5735364311749258,0.6659259693174491,1.3398886780581876,-0.3442476797502536
2016-10-01,0.8806905616039806,0.6760771253920161,3.597860103523143,-0.48393096559804505,1.1735304406562008,0.41741265137789085,0.29925209364547456,0.7937210871601152,1.4826791845040432,0.4576211726675439,0.517620108532757,1.2877840176491517,1.6226959145107855,-0.21301713569661374,1.2889700244291369,-0.24152876128429313,0.35931768372838846,-0.18592704849185182,1.7965301297140357,-0.16339856516589535,0.95760033756358,1.4768915286795803,-0.34388308773900533
2016-11-01,0.5734631067841889,0.6737228959429409,3.4921104147613846,-0.8921945439015033,1.376888760055106,0.6389160199042898,0.3996009313381954,0.799251453268468,1.173217752062694,0.6571110860918772,0.5371543801911294,1.4844409148532023,1.6783583050857587,-0.33877230042573814,1.2877927520218435,0.0,0.5295511200883674,0.08612316143654652,1.75597059207373,0.0,1.0309672222917676,1.519180648701468,-0.23016193888283354
2016-12-01,0.873925592649627,1.5563057146810166,3.409974808897509,0.022977482168595742,1.725918570147833,0.9778565246276294,0.49975116504716866,1.4933375783332536,1.4907933320918332,1.0248336052148588,1.124669729730865,1.7769470511974639,2.0533599546388004,-0.0067516641847120695,1.3807089833185238,0.0,0.6079046076382433,0.48572409277474193,2.0096529305338784,0.8961354464019244,1.6931111090459972,1.3290796326707266,-0.23016193888283354
2017-01-01,1.3221319925842856,2.9313050124584628,2.721256352488499,1.1538221331093723,1.3858932296994197,1.6477816812550117,0.9013581305361562,1.6032738821040837,2.1069213263353426,0.8400889491351649,1.6876342273638656,1.8840418461913977,2.469334704939641,0.3483114245962149,1.9841690259802647,0.36563521674768396,1.3334199270185643,0.999009307508647,2.6134085354518,1.7930372765157188,2.27868568328633,2.216096049546934,0.11554126893074113
2017-02-01,1.5408594659314545,2.9245350992508357,2.514639270587171,1.292001199963888,1.7638431921602304,1.7865638114839655,0.9940439705251158,1.8953515128060872,2.024938950456079,1.2162446805064953,1.7445184215414855,2.2717026284232666,2.7011025904479347,0.6439345194110047,2.1783071088018247,0.6064167298864831,1.200855019006486,1.5968403178731272,2.9277120819825697,2.1978884738098614,2.7902239224092185,2.0614004048598034,0.4629682287697001
2017-03-01,1.3606095576014,2.264210300124958,2.4097551579060017,1.7308335653072326,1.2528471416751508,1.1202099793521825,0.9930568202601187,1.390257189125954,1.5516259276004973,0.8259164317781398,1.7343480163597214,2.2649909676883517,2.3527071658569376,0.5662046401618603,1.8692703143037726,0.7246190720430867,1.1432104227041329,1.3958352250707406,2.255762901580294,2.0350702326367376,2.6433720338000732,2.251393569779303,1.041063403908904
2017-04-01,1.959288327873221,2.5211564719962,2.2105657463606043,1.6284726514685488,1.851958511702101,1.5614508369380609,1.0907396189193008,1.6840578707645548,1.6235333236826577,0.8433007960222838,1.9195206952436372,2.5516595381823493,2.1758296975857405,0.43684183753862627,2.0639311776212033,0.9626939880083896,1.1621685310835517,1.8915446992536111,2.251759128290942,2.0284650951280625,2.1898901274633786,1.9366452892035646,0.6920508968453198
2017-05-01,1.4402884013954065,1.9163177077989424,2.10937830597997,1.1858714361116185,1.7336983135483486,1.0582109330536937,0.7928683755507038,1.185784254559774,1.3112752694036445,0.7149980807655609,1.6787201766724102,2.6433257068155136,1.8575320254948124,0.4782926559883549,1.8636717993901541,0.12007173912635949,0.8027395566455375,1.3930573535946955,1.8455670282443215,1.9465315392585225,2.111415179106846,1.983847329984556,0.8041774714158123
2017-06-01,0.9045105119235508,1.4984828935671324,1.908454869241094,1.0109462737213804,1.7008659949709681,1.1010377558950957,0.5946499187726495,1.3806596754120548,1.001909075745111,0.7443094948401452,1.4889591255117907,2.445109586416372,1.6202292424911668,0.19703259806655993,1.8618453076914676,-0.3590212558314043,0.683340118823228,1.194044037191766,1.5863994257952818,1.6220939661073963,1.8765587779161486,1.790197364822177,-0.23016193888283354
2017-07-01,0.8978011063584646,1.5368933156409526,1.5194974215071433,0.9945147551706945,2.1736710188658748,1.3309212083036925,1.4815085785140347,1.3752340649247685,1.156928700088411,0.5269187515610341,1.9004601628338058,2.544168534585989,1.7132146217525346,0.32871234350766443,1.9665994224626004,-0.11978396654770407,0.7156376829550837,1.092907053219072,1.7653311480248846,1.7886637857539966,2.133021060662177,2.1438313062026815,-0.6896744613127836
2017-08-01,1.1292786212696804,1.6068264112581332,1.3384521034748076,0.888394340512022,2.126516941706491,1.3684683161256928,1.4859114403749984,1.5717745873470967,1.3889356321173274,0.7345675277599106,1.9471556278422675,2.729214228800725,1.9203928892363997,0.46160487570503506,2.068094138444998,0.4784750262036397,0.9006840716907938,1.1893103513951786,1.880361458967439,1.8722546887896208,2.544818489884637,2.458129570803269,0.0
2017-09-01,1.3800393437795044,1.776635818162564,1.6183123288094237,0.999580797008992,2.09521186893058,1.4412885230824735,1.584191546565794,1.6691767813371783,1.5408682449351119,0.7728166869044983,1.741570066907805,2.721256352488499,2.2084757221258577,0.6498850688470448,2.3438565340941686,0.2406766414457806,0.9818098404119624,1.092907053219072,1.9890295617829956,2.274669320880296,2.490883765703966,1.980336166337171,0.0
2017-10-01,1.3821659022373645,1.5584327336761739,1.2339976235575811,0.7118514616528238,1.6777179213713467,1.3202162198208356,1.4829732971049836,1.276387497379261,1.3846610233824386,0.5444210427844709,1.878589792153118,2.7186140304157114,2.020570766600116,0.6587908385808028,2.1444129130436806,0.4824954982677099,1.0505547562195794,0.9950330853167877,1.9833125371975235,2.263635229698835,2.1755983126635847,1.7464659333051635,0.22938007763597668
2017-11-01,1.53767225171757,1.6515975611156364,1.1374530217685752,1.136107811212117,1.8501470259657538,1.4914593223403827,1.2877840176491517,1.5794337030613725,2.0778331548798157,0.7710595734082837,1.5259956470030644,2.8089013760069115,2.178698592184247,0.7839490309319075,2.2385290012056025,0.4831180945348734,1.1690246070784838,0.8968669982760247,2.048253323566396,2.6603719168473816,2.460273503273136,1.1468660736943193,0.23016193888283354
2017-12-01,1.4555261867172042,1.1059784771285663,1.6152370171398367,0.6500683263650053,1.7212065319598402,1.2433552716081486,0.99207162867474,1.373884655748192,1.8518722207685023,0.4838798756433782,1.346788604511051,2.7028672387919173,2.08717961397733,0.8351562664289602,2.1318475305587725,0.362512255293268,1.185199058701425,0.8933061885475269,2.11194921158393,2.1661475430814647,2.1660743095019086,1.3977106782344428,0.3450295409971105
2018-01-01,1.0264895148497821,0.5732835577870965,1.6167732105340171,-0.17544767059227695,1.5656600370046014,1.4542473231843545,0.695482187336971,1.382022432864094,1.6845592546983923,0.7935762309465133,1.1291720609696299,2.6176967288443542,2.049299355421841,0.7374581412972425,1.7527711219414321,0.12157185815313554,1.3257020431360012,0.8906540816203012,1.6925579158317383,2.0784101050485226,2.014418846500643,0.7571554799585378,0.11540792513473619
2018-02-01,0.5755660791225026,1.0678243305973112,2.172971658541467,0.059479774894288795,1.5948600497889487,1.1996210724881884,0.5917177028088361,1.0811075455380958,2.135882144774204,0.5927699633274663,1.0167259350787106,2.412080279684403,2.1877332553926543,0.6261173176255852,1.7475690248304865,0.3621346005258985,1.1767750136590038,0.4938281640582076,1.4699525983868256,1.5182058567864587,1.8651896056880446,1.2449245109892537,0.2306727678144327
2018-03-01,0.6859956640286491,1.2065104237342972,2.1668299479129516,-0.23407394544792126,1.8839948588966315,1.0102582122710757,0.4928546201148798,1.4685037510481003,2.283210582554762,0.8093214329219833,1.0944021679317295,2.3100160948392734,2.3323470655520318,0.7922361480213524,1.834873104972612,0.24038748283032874,1.5496583158545185,0.7889587275162313,1.3820344399745998,1.5194199813438836,2.0086377541211675,1.2082210689338346,0.11501976856962415
2018-04-01,0.39573435053004147,1.0734858737754926,2.348628385873308,0.03726612591758993,1.7144000280926441,1.1019663902842147,0.7858586612520924,1.268912115008547,2.199574443490526,0.7480349841078038,1.062543505436686,2.2042099868659015,2.432863354419723,0.7999553805761117,1.8314327934048968,-0.35988274603671044,1.6260520871780315,0.4918849071596121,1.5110416489449108,1.6726777437471974,2.284165998560539,1.5165631719287198,0.45875068985328227
2018-05-01,1.0377248651284532,2.030821792279358,2.251502236763514,0.6039623448677034,1.8842789135725013,1.7262826893719385,1.0800301350769814,2.0418306220020277,2.1979075390007985,1.014037731716222,1.3229764944544975,2.2923639901937243,2.7625021275258455,0.994270007155329,1.9250512773560047,0.4790482961940512,2.0032916968705905,0.9832920916238663,1.8026845364470745,1.9093640153697855,2.7009166402880425,1.4583324293508504,0.4566061163904678
2018-06-01,1.505148297911596,2.2490790879737155,2.519965355631548,0.9668546910266862,2.0443159641511777,1.692220162860636,1.0810916104215806,1.8438016722757133,2.424350118206231,1.1599461618750695,1.4381746278457008,2.2923639901937243,2.8310738317132156,1.1401058353595062,2.018305499812012,0.3590212558314043,2.003095944691946,1.2776586578981508,2.058033698132,2.148906693008623,3.0653447209211926,1.469493642743469,1.2592708492993765
2018-07-01,1.5633805855626903,2.2211131424104025,2.971434956255603,0.8483154126716741,2.0306224474176737,2.1028925497854623,1.0726577738643606,1.836671429555814,2.946964411009656,1.3590912368701247,1.448166208606505,2.2923639901937243,2.906859097497261,1.2227809025543657,2.1196201450774943,0.7168567500452028,2.262030352215749,1.4713360081147542,2.145150621661518,2.073437480231366,3.308488964901013,1.1127668555160675,1.374535691979073
2018-08-01,1.2096092994492658,2.16500861534632,3.3616610798985036,0.9653626909097213,1.97620565814276,2.061330063061728,0.9784813879998744,1.8348979205127236,2.795837430001491,1.2482347926129123,1.6037441591307378,2.3754086008107578,2.6633925007595316,1.1742304237946755,2.216949253236322,0.594843079538343,2.231300247886736,1.5640592541072529,2.2181436667885635,2.1540500609509294,3.3349352476339966,1.4215931801987658,1.1428308571749035
2018-09-01,1.3879977470801386,2.234611234888906,3.3429296649194917,1.0844852895665724,2.2971209292272476,1.8643126616808559,0.5876608488985191,1.92876406751461,2.1929219505243402,1.255410760319453,1.9894427264113723,2.1812149725016994,2.2513997942847475,0.9846282259071693,2.006732011977519,0.9569555295342091,2.1768637423110526,1.3739175883303645,2.322725712772744,1.9881351129675373,3.519492866315055,2.0656655605447938,1.256423624013614
2018-10-01,0.9540207286085511,2.2368376529287914,3.065730107042608,1.7531479233208636,2.244342024367185,2.082500557501099,0.7820176705833681,2.3144713104257697,2.4151995518431946,1.5185204844328837,1.9873314673640508,2.1791482859168987,2.49124926316151,1.100542537438276,2.193689153468359,0.9581020892253989,2.18438719471159,1.5717415895409204,2.7139399578517853,1.9002928640638572,3.800655856601587,1.9827224439026736,1.1389751097653722
2018-11-01,0.8543960057662225,1.6719723566214206,3.4278483455493003,0.9819383247512192,1.9437016510604366,2.009093636549686,0.7843177461025697,2.0359887204387306,1.661655934013151,1.2525851214705952,2.2318688836763023,2.079470015450813,2.153214838717421,0.9177492034290857,2.1896082611706724,0.600559387482491,1.8734082878420821,1.5748356968138921,2.7381120661315705,1.4218235204721985,3.0967089372260226,2.0165443222429857,1.256423624013614
2018-12-01,0.6620399121339382,1.1771253190642206,3.4278483455493003,0.5616260408644713,2.021008738541852,1.942374361374366,0.7866313915982026,1.5474516426871254,1.968314563469331,1.175216738137319,1.8478734090996873,1.9802627296179764,1.8921658379785988,0.6891469654098259,1.8993611240419206,0.6013812601763924,1.5780572944044557,1.0810916104215806,2.308924477691754,1.1834446176414382,2.678167898506967,1.3117677842306108,0.8004892041294731
2019-01-01,0.47473975820677694,0.974773039068566,3.065730107042608,0.4379881086635784,1.8585576844239782,2.1665004365453377,1.2789156116321365,1.3631826471062425,1.432379765765024,1.0809853690038729,1.825064076119709,1.8018505502678472,1.539377302253353,0.5585838527574438,1.817322231812657,0.7263736330176407,1.2307246572897057,0.8827914123565428,1.9698829134037865,0.630916308059426,2.6705444984209237,0.7898456708069546,1.1468025110302094
2019-02-01,0.9349980484945952,1.0844764983961142,2.9468062256908567,0.6183375384705592,1.8753807230358355,2.5667175156858235,1.0758049966550942,1.4555809097219985,1.4981603329679238,1.2529529614933033,2.079197049307968,1.7950411123843324,1.508666508974077,0.5769197139198212,1.5282376875542347,0.7202991067019937,1.3087402346158683,0.9804000096621301,2.14227485730909,1.260850786117551,3.010351540438716,0.46021726815528297,1.1455187451265836
2019-03-01,0.8430066137721681,1.3287590374330804,2.8481484206342778,0.9386430920501176,1.8341408526262981,2.7907892799809986,1.173033978548954,1.2554320495977045,1.8635978371852602,1.1143810337281401,2.1535152551298786,1.7916556579000265,1.8453520733587858,0.7264624372858464,1.8018112441852807,1.0746986069223752,1.1033793706095807,0.9775248904642986,2.304703617676207,1.6529285967603613,3.6266170097952966,0.3740325763610386,1.4832227895156258
2019-04-01,0.7677828919546492,1.5096510434334576,2.8377190150840725,1.0151206553818959,2.120391588300219,2.8397146907700233,0.9737175277858334,2.016343084826566,2.0052999947858474,1.4504999989849665,2.1107950520472762,1.9709694811562706,1.9767754450362496,0.7055967430539489,1.704539371428293,1.550386494762268,1.2552062067524794,1.0737048000956761,2.0594948207432573,2.2648349699017523,3.8758453128576953,0.5544068780451994,1.2506595192474101
2019-05-01,0.4203309856362303,0.8066106067955658,2.4737862482910877,0.22699175665747973,2.1394805569229014,2.4074529148305324,0.6812678417507101,1.4334214588797245,2.370470391391244,1.1685788837617395,2.046938996095893,1.8709619656728016,1.774312685466839,0.6322221337446088,1.7013167561640508,0.8328027858845566,0.9340912445586547,0.7797310460031959,1.8717807744423887,2.2595407920626975,3.8519423513855955,0.6775840449942727,1.4697578577501424
2019-06-01,0.38657128107359995,0.4276360120758049,1.916991610772012,-0.2781953916567659,1.7645626450179641,2.6229128783786138,0.5847969882422532,1.621415654157854,2.000842373562417,1.0112882763704256,1.8164935412540828,1.8709619656728016,1.635122253935073,0.5983927743179684,1.6046045124134878,1.069589962614259,1.163754417959062,0.6812678417507101,1.7138282338309274,2.4884619541428954,3.299339170439186,0.7182421102552183,0.7932526544641938
2019-07-01,-0.31593915668572947,0.5255096839069218,1.9030932310690751,0.046648672554905346,1.6422883835359947,2.481422896569807,0.3872221682509114,1.709443335929972,1.9904236899367156,0.8280209015241624,1.8193696239872992,1.9635974516859278,1.795233091292392,0.3113672176532134,1.4197350959215704,0.5934309652280589,1.0594339676880615,0.38872740884015045,1.4141230595282828,2.7249616382501785,3.222764145217294,0.6036715272079718,0.45411387909908285
2019-08-01,-0.08515214769477808,0.3271801250919637,1.549005914931989,-0.17049633368273476,1.4337268016682891,2.805113799750547,0.38872740884015045,1.4252496583227803,1.918828289322061,1.0880231675986174,1.6350174114736937,1.6760168857464564,1.7346751406237537,0.3174272235510145,1.5136837749142984,0.7092308151523063,1.035285320479229,0.3872221682509114,1.2562180713559634,2.7249616382501785,3.0181112981172653,-0.03720280723777947,0.5665793519257889
2019-09-01,-0.11202843844868582,0.08347667831651862,1.450614738902889,-0.07445289972070057,1.4420666579280983,2.611114400368564,0.48709302345963934,1.2339813173308123,1.8526438534209433,0.9120078737086423,1.2542923847376208,1.6744577273802186,1.6968691341379127,0.14824233917520857,1.222401851587307,0.8298403560874412,0.9035916521528797,0.2919710103334694,0.7962192190515971,2.4884619541428954,2.807452495616314,-0.4270324647963619,0.22679916550201185
2019-10-01,0.015306881339505196,0.1286653462592824,1.813286309900608,-0.7143323467377449,1.5958065428482548,2.685994649806478,0.5825259191079901,1.137452842102249,1.8470747122123043,0.7458745287675761,1.1397217111099422,1.488399569923704,1.7486239095821254,-0.25351433819933433,1.1257151004206989,0.7126001492408385,0.7591445673131858,0.19474202843960953,0.4790020952420093,2.3256840014164837,2.8592742085488787,0.0,0.45196269498468666
2019-11-01,0.316224192540826,0.4072385481728169,1.6260520871780315,0.22252394652770846,1.787842286656538,2.5238531276105647,0.6812678417507101,1.0501444730958376,2.1490430908688296,0.6687691511491067,1.2061497664342724,1.4856354949515094,2.0305431558072407,-0.13125704473049282,1.1236068006045485,1.0720400751682568,1.0290036460859575,0.19512201312616995,0.38647310372397214,2.4022829372936094,3.2722531819820766,0.1519217628072056,0.22679916550201185
2019-12-01,0.4187642001372893,0.7849625766765733,1.3568729206069108,0.7769999504126268,1.7355553811372104,2.6855530536216143,0.7804917669384182,1.523775525324833,2.223968287733147,0.9110355704075701,1.673042825920934,1.298719552681149,2.259421357575331,0.1556673312013146,1.6791908397945754,1.3102877152732617,1.4488140207293831,0.48756800634839337,0.7547983789042867,3.165062427396048,3.8872965768192103,0.7357579784416757,0.5678659832718758
2020-01-01,0.7965771211040362,1.09093414986825,1.813286309900608,0.859466566798428,1.2882142117134343,1.8284482347101338,0.6819315272054816,1.7258343744245508,2.366963882418105,0.9823548336790999,1.9157674032933336,1.769957709940062,2.456123654554787,0.2020978757871994,1.9709463991881115,1.3182380102215951,1.4743702389174551,0.48709302345963934,1.3954098240082757,4.308354540972381,4.54162570257397,1.2122955537454239,0.3414551277072242
2020-02-01,0.37895172718958037,0.7282836818436778,0.9033485097667437,0.22905628164897607,1.0368203172340884,1.5784080822746738,0.7751976804317273,1.6398657241491144,2.1332342376483737,0.8427424313955711,1.6627685878166432,1.6713480973740147,2.308016841999816,-0.062177357960635504,2.0714618979055466,1.070764029506055,1.4162768644538026,0.2922554442601921,1.0905511818728897,4.591467789720927,4.319131795774922,0.8512616235957893,0.11375210417279291
2020-03-01,0.04714105986591832,-0.017588262682544098,0.7220247973486416,-0.003744565453445148,0.6369550221806186,1.394801615372021,0.3879733285589104,1.4548596524257107,0.8823429268265848,0.600893453714324,0.8523586029522079,1.4842573037928908,1.5276584146814542,-0.5165388945855831,1.5227794978614817,0.7100698101046632,0.671529768373702,0.09722898189385987,0.6227532720687989,4.5028548822870995,3.829829087536929,0.8228020291808136,0.0
2020-04-01,-0.2191645221180316,-0.7194030426477482,0.8089931761971592,-1.4458087911818573,-0.3628560779644019,1.1807840311130136,0.0,0.5994306034640573,-0.2208977953666924,-0.31944269940469283,0.6152118216165903,0.925075977215073,0.3286240345267366,-1.068663515999635,1.4288308188687537,0.0,0.32570198348977897,0.0,0.5676127619981486,3.341234038461227,2.3483379037304353,0.019069339991606427,-0.5665793519257889
2020-05-01,-0.7269024224425991,-0.9200609338898325,1.259009436007208,-1.1487296034936811,-0.011975117964535542,1.1636767950323978,0.0,0.40943372241741827,-0.36665847567380894,-0.1647207387609484,0.18917901971979845,0.6466535235746029,0.11793364986809607,-1.3333767570578026,0.63877742768641,-0.47496729167075813,0.36356718194925364,-0.1943635208570882,0.4761898358482952,2.8855429912395536,2.202349515414781,-0.2128858644138809,-1.5837389345262132
2020-06-01,0.1250749509623006,-0.34232688127264765,1.3471240989879618,-1.581717463291099,0.706035859629317,1.5655346690436112,0.2911210207458659,0.2247806643059569,0.6581488940407887,-0.038707180665209506,0.745673378186229,0.8306462157753991,0.6436199103124984,-1.2829400719857276,1.0472997104669979,-0.3552931127036807,0.200601872686601,-0.19417481829107075,0.5952800056111762,3.174866882869143,2.800174667093991,0.219912495106378,-1.1350969773115338
2020-07-01,0.14216991745508167,-0.621864649095194,1.3375143662432976,-1.825195363899379,0.5257421832677522,1.6605975544096374,0.48192864359490883,-1.0463361881928535,0.14595328486306514,0.5900292786022554,0.9399547011503806,1.1049836186584727,0.9813125273259615,-0.9241993198135567,1.6228001857761853,-0.4745020991396842,0.7730152535915025,-0.38872740884015045,0.7315833199234234,2.9514033072157275,3.7090546920389045,0.44573257650091236,-0.5678659832718758
2020-08-01,-0.0116836647895191,-0.520675196345799,1.7033132556240282,-1.9270514894789592,0.7981853702822228,0.7053393511401218,0.4837938802467967,-0.8578661599115023,0.1460741003220356,0.20269298962194426,0.59224614943858,0.460618041489802,1.3011250672745334,-0.8700193944187085,1.3286173242659238,-1.0656921708490863,0.21909987331190095,-0.4842624475787538,0.813608087871831,2.8768043419098,3.8440634926778294,0.766532717169266,-0.7940534028569424
2020-09-01,-0.14001940202081897,-0.37054381529708635,1.6071774510032277,-2.002034244836537,0.3921831016985955,1.099833996382138,0.5813969865419821,-0.8578661599115023,0.5125706620589199,0.16405311278875345,0.6775858787253952,0.7352974305258719,1.3619635833710397,-0.8031519509738239,1.260261568097576,-1.1876758503012397,0.04783544697772868,-0.5847969882422532,0.8996343409984675,3.100434494944615,3.3856699780053567,0.9435357671853772,-0.6818470600479465
2020-10-01,-0.07183749243653281,-0.812437206652028,1.692690748758352,-1.7835845144211326,0.2763736861495225,1.215059237571836,0.3864739109888937,-0.7517036616845552,0.6567083851302336,0.18319438185123715,0.6588879258682567,0.8275909303860018,1.1751780453232108,-0.5718733755850636,1.2728480259124986,-1.4303147556359086,0.04785375982594431,-0.2922554442601921,0.7414731921151052,2.944717400948882,2.9753673343738463,0.13881790980621034,-0.792354627325409
2020-11-01,-0.2209137303680997,-0.8182529177213738,0.7142887512380902,-2.086672984487148,0.1900475970070481,0.8211299286427831,0.4837938802467967,-0.1953146968589614,0.9485414365570044,0.21229381706637795,0.41450836551693016,0.5514719858510375,1.167698811910256,-0.6870817826186482,1.1859620988668773,-1.0720400751682568,0.2007169132642872,-0.19512201312616995,0.5129235346299055,2.94249549239618,2.6474346036118312,0.610317946913419,-0.5678659832718758
2020-12-01,-0.22981784157281027,-0.5335362499884866,1.4273212874117647,-2.347555205336338,0.4904166791736664,0.9783446309071131,0.48473192343250204,-0.5687220917209856,0.7304657340220899,0.2312808200651162,0.5546430199839136,0.8260717007366303,1.352824743540193,-0.8171769916610394,1.1315958277000604,-0.9512664594418574,-0.019053062837492973,-0.19474202843960953,0.41186638045918045,2.254037751307969,2.7055517309364063,0.6108512322716919,-0.6818470600479465
2021-01-01,0.3008123222972614,0.45602050474329303,2.4845998586530804,-1.983664408204433,1.5710814449613864,1.5450468874528944,0.5808341595746391,1.195289436100655,1.0182491253920567,0.8864964588950031,1.8611308887161115,0.919124117554837,1.390046053866545,-0.545886534745943,0.8008481702835191,-0.2383817238415631,0.5532781451524471,0.3879733285589104,0.25494363020586164,2.601407790546606,2.6807856270425923,0.9446072665450167,-0.45556626960570057
2021-02-01,0.4805270112809623,-0.01646468545333235,3.273180303822798,-1.2765109221303916,1.3482614246286495,1.7936450373307267,0.5774799493884153,1.4873610066965526,1.0857448190549235,0.9121960607444635,-0.08436050554196939,0.7339482488045945,1.6623176924684735,-0.5053850533242255,1.1975450447581082,-0.4745020991396842,0.5628443191684873,0.5819609053263619,0.45477773114184217,2.4382419587386295,3.05714573641227,1.4077487636252606,0.0
2021-03-01,0.4535614018929657,1.3329280939208488,3.0117422464157606,-1.650503766409539,1.671992023430846,1.872852812793191,0.9633985881134066,1.7786923687057588,2.1724314873069694,1.3246498166232357,1.9610302533034307,1.0077959781350287,2.585980237161145,-0.24543318076597487,1.9821940245978276,0.0,1.1029873160210535,0.7744472395478041,0.8908130053434604,3.230821408611906,3.5614348850199207,1.88335858412092,0.1131083394373178
2021-04-01,0.5512739697723035,2.2046228106559873,2.911542228809516,-0.28789465340901543,2.219160919869001,1.864382566701206,1.4430264829028872,1.9724804266913587,3.333689425995523,2.034619130282067,2.0638543634865947,1.6438726343160681,4.0754360017010605,0.3273341574478117,1.884039209061239,0.9423025840549215,1.2356397113875595,1.062298739128753,1.225073529985643,4.097131173372226,4.980030166002258,2.461950224850895,0.792354627325409
2021-05-01,1.2367348247096288,2.6809610623898195,2.6456569536829733,0.1365409867443823,1.8137889164369092,2.1049521649067593,1.730812437933693,2.167549896427179,3.5369273032753057,2.205901279612821,2.5010635504528977,2.185879381249922,4.871999347897926,0.5494092264738626,2.780726084242069,1.7699283055338633,1.4129484508467627,1.2566622599858412,1.4512831388246994,4.607757916019128,5.020356341718113,2.590846299264271,1.471421786913396
2021-06-01,0.506180601440942,2.6957100824069435,2.814609719689898,1.0230928252121352,1.321305911167503,1.9891990274980564,1.7291497110060838,2.3600094193652055,3.015294683431602,1.955208920738638,2.176627648195506,2.36159930713411,5.251102548344022,0.6026880830479087,2.766987044394309,1.5303105974030728,1.4683160589341604,1.2554486479262827,1.6122269345578921,4.082195795775068,5.188432638246265,2.319719758373573,1.6978500764246895
2021-07-01,1.4553959883988554,2.8408518403447935,2.9670588369001827,1.3420464159884737,1.3710362040949775,1.4069298400128716,1.6213993734819354,3.643974146732898,3.6497806659207654,1.9293817210384923,2.27962038928462,1.9946264182379103,5.2264807587996565,0.676545907837145,2.858728339606742,2.11774993119489,1.1437338156361498,1.9287000941978327,2.2432099343843603,4.733314673687872,4.575142794457232,2.605451020231797,1.9176717386102382
2021-08-01,1.5242318011090106,3.2484531875087264,3.321983788014382,1.8611277760705924,2.0322676471479895,2.357996291392972,1.8173623090739,3.740613152582384,4.006308229788846,2.146312180222587,2.4260449102374793,2.987999565627142,5.1179848682051166,0.8778018060738191,3.1560686156834272,2.9327449825970575,1.8478889158186185,2.0183289653269654,2.694885118149948,5.0920044912803775,4.7612564277638825,2.5230579299323708,2.1409271745305603
2021-09-01,1.4680708403884246,3.929022509237523,3.9935862428596813,2.187719844520064,2.4803391785716222,2.66170192610522,2.197890671877545,4.030062463374584,4.289450403227679,2.4572664943847577,2.63794277218512,2.888287414878654,5.250082547387525,0.9379779837509261,3.2403001369320172,3.6367573496117522,2.138612922696126,2.509784244467017,2.820384356772898,5.575090446979658,5.276090009928414,2.38347544093358,2.477569370773214
2021-10-01,1.8145070208038128,5.227725051821253,3.472571137382996,3.35653823533395,2.771556506663142,3.36310870280645,2.945581129061292,4.310121391127009,4.549448825432023,3.1107297207629614,3.5573231165081154,3.7740327982847433,6.035916977648181,1.2342152057683187,3.619001788692966,4.80467960526294,2.5879797201714183,2.9795572693697814,4.074980297163844,6.621116996396026,6.250059385322526,3.1153332060180006,2.2473076054122743
2021-11-01,2.5507474703866606,5.369450991817271,4.946778574372512,4.710109466214085,3.2206001946853746,5.037753276554913,3.3225647628320587,4.702173492563322,4.612441127178357,3.625402952065926,4.422692726174926,4.481036402900518,6.587172860645207,1.5211419382238134,4.189639209604046,5.135374377745716,2.7406716073650195,3.643739620243114,5.483611195569704,7.516947723715184,7.181929543621646,3.706958333319932,2.363588293997143
2021-12-01,2.7072675351876185,6.344356158327891,5.178033254111991,4.988434492166149,3.7962431762032622,5.554479101046272,3.0478549657415144,4.793102987261655,4.69165359732262,3.4065172902532304,4.060072695623962,4.730913414744453,6.799811074075546,1.5195113371158975,4.1652852022124875,5.4633128700738,2.7162047639387232,3.824557899507486,5.5513085929974615,8.335181782405243,7.0986773053157926,3.6310778156845913,2.810779224881532
2022-01-01,3.2851210966073907,5.95158463317178,3.191301434945615,6.06223029912929,3.6219475748790586,6.2230293348351395,4.251939481977995,4.074284238050385,5.009871533913923,4.28154016052531,3.5136276764994534,4.735140909814639,7.213339930401652,1.635372441062355,4.864785376437997,4.890338473125322,2.8139166671945937,4.726777788135195,7.318508532596546,8.97588056912415,7.576602370822005,3.701423256488745,3.146318576885676
2022-02-01,4.10877648064556,7.346514979545393,3.5901291506544197,6.96569480901692,4.202330167729684,5.988207636916076,4.686893399153824,4.2396031039117155,5.53171438790061,4.431045447322912,6.357688111553372,5.339346408611867,7.576652800593653,2.128079331745969,5.594571552052052,5.438021609224819,3.5694717219227456,5.54914331081644,7.732343042154888,8.194985708269975,7.940205383843502,3.710541691523428,3.4660238179601954
2022-03-01,5.193943964623848,9.365774179647346,4.437588140070936,8.480083556013529,5.795656903386259,9.28270774110711,5.229949940284939,5.710396252071792,6.449369821488293,5.635816153228923,5.95905687263576,6.014190572457068,8.19714536187579,2.3580929977905285,6.551950346674307,6.505361187000691,4.384720119869634,6.260801860751375,7.979910118363254,10.420368969016813,8.238873319094964,4.097921427915363,3.4467534121798593
2022-04-01,6.956608106108586,8.014754290505621,5.250994527196351,9.687928884068242,6.166620231564046,9.126196223611327,6.471758819866391,6.062445835521935,6.55178503162368,5.57957783558658,6.728453940845203,7.501335926853425,7.935340951367031,2.516043510025323,6.925465133159836,6.797615976857774,4.714242808263069,5.7851950638533545,7.979270230772517,11.626845143750941,8.984672664054827,4.646162330263159,3.869965373926476
2022-05-01,7.695279829903434,8.367310009885642,5.585207792589308,10.732277982970473,7.014168521501674,8.398438721710022,7.172190564347947,6.782309646446372,7.446286019527104,6.730929481885095,6.571870002845692,7.5458411251593915,8.233133062237386,2.900059854764425,7.452758215803268,7.544321673321441,5.0671632269137845,6.597840619555839,8.589337366917515,13.048877726006136,10.139728849714036,5.202746456782759,4.073192950289339
2022-06-01,8.367310090776847,9.727552526074046,6.138959622709805,11.416545701623981,8.324675798880854,8.206771616075503,7.872315612952807,6.490324890275456,7.819117448201762,7.503632946852878,7.162711199085958,7.852242543752563,8.672636501138165,3.3289043320408496,8.318649890922991,8.720614495517154,5.675605927654903,7.664109232520833,9.211928511031076,14.47184637857708,11.040399170623871,5.8610714705182865,4.3915261880124845
2022-07-01,8.673323593522664,10.228755126289801,6.572010997475974,10.966759108981883,8.147340040990159,9.792113659247814,8.345729197851792,6.459843192211778,7.315334326444489,7.497249827167796,6.542718952080051,8.431474614202994,8.180843743044708,3.3757992322916763,9.008429395757123,8.798063644614817,5.903113705999097,7.628870083584971,9.186223925685422,14.537409951684577,12.86276788171703,6.134906807917773,5.011915625069641
2022-08-01,8.5665520835291,10.028942769859217,6.330172911047782,10.799116051994861,9.377891887784173,11.296408860982421,8.535123193858851,6.725183957285097,6.777682025620102,7.339990726539813,6.541865698676563,8.298902519768259,7.939069956553801,3.3938557052810125,8.911323302197971,8.208595800178209,5.744899386046587,8.040859257023136,9.480290856703721,15.049647363740082,14.462946846054159,5.564832180798085,4.4693751158655814
2022-09-01,8.875401484688794,8.500212215417058,6.666392044988445,11.354281845211656,10.28957765763403,13.568405187624233,9.548201587313887,8.226320301575996,6.633051474669305,7.806502656559822,6.652339568129051,8.441310523353529,7.882705099298359,3.200683356152556,10.100332344267127,7.968815654365979,5.403272755182442,8.494378181965878,10.68343719124476,15.916812451620466,18.33526089144044,5.331714260368869,4.459745785629732
2022-10-01,9.657614908220946,7.013131145511942,7.240002980856541,8.677394426899099,10.30377539267251,13.387675997068804,9.633110893843178,8.453138357343537,6.6534746272754575,7.983437808100113,6.629117176289601,9.17766072230135,7.460119669066234,2.951971484641369,10.478361635287303,8.86306284664169,6.01583126450107,11.187335193115544,11.571828552161012,16.582113948372168,19.156114980501204,5.4692909833015335,4.984753943669329
2022-11-01,9.47323200387542,6.5877759631264965,6.316162106302414,8.194287443878867,10.853592410040314,9.42090572715637,8.498629646268885,8.43762064135829,6.575089880861373,8.74451089500825,5.766796799110185,8.96371990672975,6.868902291037138,2.917300545268997,10.067384750113373,8.606247706098547,5.96842274376117,11.127519280778397,10.100901765921932,16.317375982206972,20.287860942854863,4.885056838060198,5.20161918672466
2022-12-01,9.160182401877837,5.550717341735556,5.7205137353564695,6.975002542147024,11.634824689426448,9.15474582197957,8.364423861396197,7.805695425822101,6.127812938795252,8.750742412427748,5.23459402694435,8.839083776669732,6.25467105673998,2.8006831456664827,9.66893266594031,7.8300830814592715,5.6859600333415194,11.003998137978588,9.849368726650098,15.541916122394817,21.96201624617453,4.895496444584957,5.184756629409115
2023-01-01,8.031414483674126,5.723878379028946,6.808697175338807,6.755757920257643,11.045333839376337,7.305341922695163,7.397581065217551,8.296338329903463,5.750213746167443,8.10885406899855,4.715328518578232,8.5264651654688,6.2130978701655515,3.2297745548195422,10.621451321340203,7.44325312486902,5.820608287239271,9.505832235430933,7.738706279521423,16.1310833986537,22.886887926345523,4.858584662271692,5.173580409356671
2023-02-01,7.9249362742841,5.859212022683469,6.106903334882219,5.9459664206746865,11.29063885716306,7.662682620067951,7.325727027340889,8.323055161805915,5.112338920014281,8.431021934406502,4.221489937370482,8.787755287747867,5.86048410585569,3.3161994154701446,10.329476498682588,8.211957483713217,6.089456669533,8.754493392137697,6.408160349597836,17.59122263473678,22.62160691336348,4.5523521206528805,5.0358715843442425
2023-03-01,7.168064247823658,3.2425667743147812,6.307668522934051,4.471415546508517,10.110440703007217,4.308963744536154,6.51638942498538,7.139539305423792,4.208360108674825,7.632658691242167,3.5349651769271517,8.471976899736955,4.864686611138591,2.90276227211983,8.792952015077926,7.347674514951574,5.545243116539034,7.333127308554932,6.454352662582519,15.470844525732641,22.419704487999326,4.08139836162702,4.905007395751504
2023-04-01,5.552570253054867,4.014267593262666,6.237033072645826,2.993975954551953,9.958964437542939,5.0454114229793845,5.14723293893713,6.923781537989893,4.311540696538074,7.626198483363034,3.6234925868362744,7.5247778510060925,4.812620302296633,2.5330092648339075,9.188771691734399,6.979568039999151,5.717843907174114,7.843740284441303,5.452724856567759,14.195138787130812,21.503688260744802,3.621763085810059,4.868752028769485
2023-05-01,3.9071914042454026,3.1433203607623916,6.453852113757108,2.743529240504383,9.229413581658363,5.879970000660784,2.886077006063381,5.923071278711589,3.3023420690217797,6.597306281496884,3.5606033033655393,7.559868528866875,3.9678194350651452,2.135729886196991,8.53432483079688,6.406419995979018,4.993182378922967,7.365823074744604,5.067297840688401,12.486778415666855,19.472314660004386,3.3210225220182465,4.534258836134253
2023-06-01,3.3377100027390583,1.8749077996583097,6.167962599044152,1.7452129891519341,8.902841330197298,5.538821667100446,2.434902901028657,6.1802630070740605,2.7734613827078647,6.080588772625184,3.1282851066568362,7.1258629136091045,2.925896069301892,1.696401789202806,7.679557436939444,5.923834126014782,4.431654782063088,6.203539091945309,4.070438373363583,10.992355732032433,18.288035278372927,2.6896677208707587,4.103608450798291
2023-07-01,3.021841700410377,2.2991023808823563,5.254050341647609,2.4408243179261824,8.858356491286568,4.47199563943288,3.085077572047634,5.982410420788131,3.2136548744730042,6.2594821897755,3.6778530501710094,6.237033072645826,3.1283422533270766,1.5924188414313534,6.780800110099072,5.698093376515256,4.1987258456853915,5.760079385158701,4.0532849208353205,10.277475601045172,16.246488064368503,2.3271773843679178,3.344163022497426
2023-08-01,3.6486280472193933,2.5818880727656257,4.72901350414574,2.7071260903502647,7.188722951331616,2.980550455729425,2.407682941152167,5.961506849279363,3.9195543697687185,5.4607099603122045,4.154152993702187,6.0528026791003775,3.5995134478234547,1.5423304358509249,7.112180075216568,6.19391325817622,4.745368697429608,5.300385863280077,4.005707199698616,9.481147336703089,15.154105344290869,3.3048665112167974,4.176011645718258
2023-09-01,3.513320831723643,3.455690769938169,3.289255023589188,1.6158710612943494,6.28062339654285,0.21255666337784973,0.8554372096658547,4.4258462938565835,3.7278854493115965,5.386568778297285,3.971368826802202,6.182634282533339,3.6328999161855613,1.6411576634389746,5.851615077015104,6.1875262753510185,4.780130773925517,5.203732575872344,2.359397495123172,7.51798450710961,11.526007756153067,3.6364157271591147,3.8606592576158505
2023-10-01,2.0951856321851814,3.409065366327102,3.967848381817607,3.3423899680604663,6.313895406755243,-0.4062822996193205,0.08499788017051202,3.7185273967860866,3.073250637618319,4.739744919817834,3.111566033367641,4.637373125780275,3.18977862139036,1.6791975512470358,5.224468015361516,4.904000773979611,3.9001198280266713,1.6793005882621337,0.3580769817700613,6.010388179093251,9.397678545477905,3.6960008202771455,3.633024569325194
2023-11-01,1.528886385841588,3.1803336711485386,4.659227780206621,2.98429458584053,5.618528917458665,1.6351311463343343,0.5985481743038257,3.117117141664938,3.0693205171890448,3.202016912914285,2.986045465618492,4.082199452025481,3.08910712525039,1.4333115712167555,5.2112909163462895,3.7894960925369148,3.415532657870557,0.6717069755943328,0.7554856315573844,6.024612348908587,7.59492102619177,3.2561451906722105,3.221106455392597
2023-12-01,1.412080467706911,3.0547677633649073,4.655611867296727,3.441372010328969,4.295739008470001,1.2013351050550014,0.6878788946804271,3.6430814424379676,3.3400615655771126,3.533818259795929,3.450789438035695,4.066236486072583,3.2971728635383,1.7004360888795311,5.447543431780044,4.499703327795679,3.6383286254963565,0.5865119452398204,1.3454915935684042,6.017702160142413,5.355477889778992,3.126447133448007,2.9047591585998234
2024-01-01,2.2750062707105556,3.349901076388928,4.572667961549648,3.084621644511909,5.283270618706304,3.116263667000041,1.1955735920148314,2.8462155589479288,2.818869537654045,3.2190904959387368,3.389869264995138,4.082199452025481,3.044073207577025,1.2705713558863074,4.508267750488759,4.031556638675671,3.0845694743510066,0.8361252724683688,1.7369656035790548,3.917677938398434,3.7352358692433363,2.7775077890974664,2.6945071685466004
2024-02-01,2.046973549019704,2.765285840245202,4.403956141083398,2.8797872839386507,4.432650396232951,2.7735533792196954,0.7630388865691451,2.4861788796528117,2.745129100793875,2.915561822502255,3.1471854699132606,3.7387532071620377,3.1045220310706334,1.1616622396138254,4.061851826817531,3.3659429682303177,2.919480507905181,0.7515692997237089,3.1480459948680206,3.0002229824184212,3.5693351492907865,3.0790860520220065,2.4769126628607196
2024-03-01,2.2638799324616876,3.156359474269177,3.84367068410727,3.174825824995242,3.9841394763188376,3.048005396401976,0.9333966790475046,2.1304513131085834,2.856479787861055,2.1561282991677366,3.0478549657415144,3.715597688809158,3.4183103080732913,1.0395244161832018,4.041823998382199,2.834146037049745,2.2687843538657937,1.1715615172562366,3.130566498410836,2.097205684968362,3.586590804629619,3.056309248513678,2.669606531078905
2024-04-01,2.1822633454487317,3.255808431196705,3.5786079746225496,3.022655842186772,3.8193466672259646,2.670166074751812,0.762392511065979,2.2053177709250527,2.6499908903311997,1.8721424279117826,2.3718479903182654,2.99446557959957,3.3021891870785858,1.3585618380504982,3.370644350776786,2.5215529651865687,2.1636572458413106,0.8347293876763473,3.319148672229044,2.461222575460642,3.6085083714294086,2.8829951087164574,2.7510378276078384
2024-05-01,3.0189669595092283,3.5670128692627756,2.964869392213032,2.3607429625719156,3.668232616330691,2.6803714408170087,2.132276946882161,2.3750091585934108,2.825903531742302,1.4833399294101213,2.557179421627076,2.7503643485565554,3.2167820045091666,1.3804666018184086,3.2843160766010016,2.6106193282384282,2.248042470019307,0.7490671729157405,3.3068382603245183,2.569213803377579,3.9364628031408166,2.6374564583271365,2.745531611115215
2024-06-01,2.75547423173208,3.376225401117594,2.573949820157573,2.2370007132910708,2.525289414579568,3.1910113403764484,1.7880425277848389,2.2015820422774723,2.6366807000492543,1.2679241159364807,2.184174191504873,2.744074615495329,2.928151178666205,1.3193310142895598,2.946171805515263,2.195721493278313,2.1442906927735095,0.8319515539557898,3.6763540353740076,2.6770223096192147,3.611870332795064,2.3823439162093507,2.845713275236328
